,feature,importance_gain,importance_split
0,NAME_CONTRACT_TYPE,282.74609565734863,6
1,CODE_GENDER,4887.96718788147,89
2,FLAG_OWN_CAR,149.62979888916016,4
3,AMT_INCOME_TOTAL,938.896203994751,23
4,AMT_CREDIT,5376.895795822144,102
5,AMT_ANNUITY,9269.357278823853,191
6,AMT_GOODS_PRICE,3762.6973915100098,71
7,NAME_TYPE_SUITE,0.0,0
8,NAME_INCOME_TYPE,504.5449028015137,5
9,NAME_EDUCATION_TYPE,209.99090576171875,5
10,NAME_FAMILY_STATUS,38.965599060058594,1
11,NAME_HOUSING_TYPE,0.0,0
12,REGION_POPULATION_RELATIVE,1282.4553089141846,32
13,DAYS_BIRTH,18433.06187057495,277
14,DAYS_EMPLOYED,6346.72271156311,109
15,DAYS_REGISTRATION,3059.8603076934814,69
16,DAYS_ID_PUBLISH,3193.543716430664,75
17,OWN_CAR_AGE,1078.033800125122,26
18,FLAG_WORK_PHONE,558.5874004364014,13
19,OCCUPATION_TYPE,12223.037818908691,161
20,REGION_RATING_CLIENT,691.505500793457,10
21,REGION_RATING_CLIENT_W_CITY,687.8737983703613,14
22,WEEKDAY_APPR_PROCESS_START,0.0,0
23,LIVE_REGION_NOT_WORK_REGION,0.0,0
24,REG_CITY_NOT_LIVE_CITY,969.735710144043,18
25,LIVE_CITY_NOT_WORK_CITY,88.13639831542969,2
26,ORGANIZATION_TYPE,47732.376165390015,537
27,EXT_SOURCE_1,25235.858171463013,378
28,EXT_SOURCE_2,120325.08124351501,529
29,EXT_SOURCE_3,198923.14876174927,623
30,APARTMENTS_AVG,1008.4038963317871,23
31,ENTRANCES_AVG,546.3875026702881,14
32,FLOORSMAX_AVG,651.0384902954102,15
33,LIVINGAREA_AVG,1697.9854011535645,38
34,APARTMENTS_MODE,726.3834037780762,17
35,FLOORSMAX_MODE,185.24820137023926,5
36,APARTMENTS_MEDI,419.57870864868164,9
37,YEARS_BEGINEXPLUATATION_MEDI,2069.677200317383,46
38,ENTRANCES_MEDI,143.0226993560791,4
39,FLOORSMAX_MEDI,82.13100051879883,2
40,TOTALAREA_MODE,2480.9926052093506,53
41,WALLSMATERIAL_MODE,0.0,0
42,DEF_30_CNT_SOCIAL_CIRCLE,364.8040008544922,8
43,DEF_60_CNT_SOCIAL_CIRCLE,445.26989364624023,9
44,DAYS_LAST_PHONE_CHANGE,1165.5241012573242,30
45,FLAG_DOCUMENT_3,1858.879997253418,35
46,FLAG_DOCUMENT_8,0.0,0
47,FLAG_DOCUMENT_18,0.0,0
48,AMT_REQ_CREDIT_BUREAU_HOUR,69.01249885559082,2
49,AMT_REQ_CREDIT_BUREAU_WEEK,0.0,0
50,AMT_REQ_CREDIT_BUREAU_QRT,125.44239807128906,3
51,debt_credit_ratio_None,885.0304012298584,21
52,credit_annuity_ratio,21263.66192626953,316
53,prev_PRODUCT_COMBINATION,0.0,0
54,DAYS_CREDIT_mean,1659.708194732666,40
55,credit_goods_price_ratio,84766.98926925659,783
56,last_active_DAYS_CREDIT,1321.0980110168457,33
57,credit_downpayment,27403.172876358032,406
58,AGE_INT,5088.972515106201,66
59,installment_payment_ratio_1000_mean_mean,1480.0163974761963,34
60,annuity_to_max_installment_ratio,1576.995994567871,40
61,EXT_SOURCES_MEAN,1466534.9016590118,1182
62,EXT_SOURCES_MAX,266850.70831489563,459
63,COUNT(bureau),646.677698135376,15
64,MAX(bureau.AMT_ANNUITY),271.3829936981201,7
65,MAX(bureau.AMT_CREDIT_MAX_OVERDUE),1560.097999572754,36
66,MAX(bureau.AMT_CREDIT_SUM),5447.865629196167,104
67,MAX(bureau.AMT_CREDIT_SUM_DEBT),2199.9104042053223,46
68,MAX(bureau.AMT_CREDIT_SUM_LIMIT),745.390193939209,16
69,MAX(bureau.AMT_CREDIT_SUM_OVERDUE),2230.5798988342285,43
70,MAX(bureau.CNT_CREDIT_PROLONG),0.0,0
71,MAX(bureau.CREDIT_DAY_OVERDUE),120.91420364379883,2
72,MAX(bureau.DAYS_CREDIT),14829.793756484985,278
73,MAX(bureau.DAYS_CREDIT_ENDDATE),4027.0989990234375,90
74,MAX(bureau.DAYS_CREDIT_UPDATE),1840.0605850219727,41
75,MAX(bureau.DAYS_ENDDATE_FACT),2507.3932971954346,56
76,MEAN(bureau.AMT_ANNUITY),223.4888973236084,5
77,MEAN(bureau.AMT_CREDIT_MAX_OVERDUE),2701.0622997283936,63
78,MEAN(bureau.AMT_CREDIT_SUM),4656.4128074646,102
79,MEAN(bureau.AMT_CREDIT_SUM_DEBT),10007.517560958862,149
80,MEAN(bureau.AMT_CREDIT_SUM_LIMIT),937.1781978607178,19
81,MEAN(bureau.AMT_CREDIT_SUM_OVERDUE),2315.093391418457,41
82,MEAN(bureau.CNT_CREDIT_PROLONG),164.94889640808105,5
83,MEAN(bureau.CREDIT_DAY_OVERDUE),217.11339950561523,4
84,MEAN(bureau.DAYS_CREDIT),8803.396406173706,124
85,MEAN(bureau.DAYS_CREDIT_ENDDATE),6696.989789962769,120
86,MEAN(bureau.DAYS_CREDIT_UPDATE),3588.4857215881348,67
87,MEAN(bureau.DAYS_ENDDATE_FACT),1564.1624965667725,36
88,MIN(bureau.AMT_ANNUITY),267.1737976074219,6
89,MIN(bureau.AMT_CREDIT_MAX_OVERDUE),759.2385025024414,18
90,MIN(bureau.AMT_CREDIT_SUM),1549.8442058563232,37
91,MIN(bureau.AMT_CREDIT_SUM_DEBT),1131.8543033599854,27
92,MIN(bureau.AMT_CREDIT_SUM_LIMIT),55.22610092163086,1
93,MIN(bureau.AMT_CREDIT_SUM_OVERDUE),0.0,0
94,MIN(bureau.CNT_CREDIT_PROLONG),0.0,0
95,MIN(bureau.CREDIT_DAY_OVERDUE),0.0,0
96,MIN(bureau.DAYS_CREDIT),2188.3306102752686,43
97,MIN(bureau.DAYS_CREDIT_ENDDATE),2201.953393936157,48
98,MIN(bureau.DAYS_CREDIT_UPDATE),1686.0241947174072,35
99,MIN(bureau.DAYS_ENDDATE_FACT),1750.2479000091553,40
100,STD(bureau.AMT_ANNUITY),136.56649780273438,3
101,STD(bureau.AMT_CREDIT_MAX_OVERDUE),1025.6948051452637,25
102,STD(bureau.AMT_CREDIT_SUM),1953.1668910980225,47
103,STD(bureau.AMT_CREDIT_SUM_DEBT),3822.013307571411,79
104,STD(bureau.AMT_CREDIT_SUM_LIMIT),1414.4600982666016,31
105,STD(bureau.AMT_CREDIT_SUM_OVERDUE),1910.2191925048828,37
106,STD(bureau.CNT_CREDIT_PROLONG),63.31559753417969,2
107,STD(bureau.CREDIT_DAY_OVERDUE),0.0,0
108,STD(bureau.DAYS_CREDIT),3109.9520015716553,61
109,STD(bureau.DAYS_CREDIT_ENDDATE),3528.0665016174316,78
110,STD(bureau.DAYS_CREDIT_UPDATE),3217.1820106506348,65
111,STD(bureau.DAYS_ENDDATE_FACT),2065.7612838745117,47
112,SUM(bureau.AMT_ANNUITY),353.9666976928711,9
113,SUM(bureau.AMT_CREDIT_MAX_OVERDUE),1095.6453037261963,25
114,SUM(bureau.AMT_CREDIT_SUM),5370.016582489014,100
115,SUM(bureau.AMT_CREDIT_SUM_DEBT),2829.017192840576,55
116,SUM(bureau.AMT_CREDIT_SUM_LIMIT),136.56739807128906,3
117,SUM(bureau.AMT_CREDIT_SUM_OVERDUE),880.8085975646973,17
118,SUM(bureau.CNT_CREDIT_PROLONG),0.0,0
119,SUM(bureau.CREDIT_DAY_OVERDUE),59.36629867553711,1
120,SUM(bureau.DAYS_CREDIT),1568.0496940612793,35
121,SUM(bureau.DAYS_CREDIT_ENDDATE),4152.930000305176,78
122,SUM(bureau.DAYS_CREDIT_UPDATE),913.671199798584,20
123,SUM(bureau.DAYS_ENDDATE_FACT),690.4657974243164,16
124,COUNT(bureau_balance),254.0636978149414,5
125,MAX(bureau_balance.MONTHS_BALANCE),0.0,0
126,MEAN(bureau_balance.MONTHS_BALANCE),320.1021041870117,7
127,MIN(bureau_balance.MONTHS_BALANCE),308.58790016174316,6
128,STD(bureau_balance.MONTHS_BALANCE),216.34980392456055,5
129,SUM(bureau_balance.MONTHS_BALANCE),108.04820251464844,3
130,COUNT(previous),551.4652976989746,11
131,MAX(previous.AMT_ANNUITY),843.7451038360596,20
132,MAX(previous.AMT_APPLICATION),442.3867073059082,11
133,MAX(previous.AMT_CREDIT),616.1528053283691,15
134,MAX(previous.AMT_DOWN_PAYMENT),2704.568696975708,54
135,MAX(previous.AMT_GOODS_PRICE),381.2884979248047,9
136,MAX(previous.CNT_PAYMENT),1335.1154022216797,23
137,MAX(previous.DAYS_DECISION),1586.3741054534912,35
138,MAX(previous.DAYS_FIRST_DRAWING),0.0,0
139,MAX(previous.DAYS_FIRST_DUE),567.547004699707,12
140,MAX(previous.DAYS_LAST_DUE),372.88600158691406,10
141,MAX(previous.DAYS_LAST_DUE_1ST_VERSION),387.9385013580322,10
142,MAX(previous.DAYS_TERMINATION),355.5906047821045,8
143,MAX(previous.HOUR_APPR_PROCESS_START),191.2415008544922,5
144,MAX(previous.NFLAG_INSURED_ON_APPROVAL),0.0,0
145,MAX(previous.NFLAG_LAST_APPL_IN_DAY),0.0,0
146,MAX(previous.RATE_DOWN_PAYMENT),1180.4871997833252,29
147,MAX(previous.RATE_INTEREST_PRIMARY),0.0,0
148,MAX(previous.RATE_INTEREST_PRIVILEGED),0.0,0
149,MAX(previous.SELLERPLACE_AREA),763.9213008880615,18
150,MEAN(previous.AMT_ANNUITY),686.5537986755371,15
151,MEAN(previous.AMT_APPLICATION),824.1383991241455,19
152,MEAN(previous.AMT_CREDIT),1002.6930999755859,23
153,MEAN(previous.AMT_DOWN_PAYMENT),1486.092290878296,34
154,MEAN(previous.AMT_GOODS_PRICE),507.75959968566895,13
155,MEAN(previous.CNT_PAYMENT),6678.388702392578,141
156,MEAN(previous.DAYS_DECISION),3521.315288543701,58
157,MEAN(previous.DAYS_FIRST_DRAWING),428.2220039367676,8
158,MEAN(previous.DAYS_FIRST_DUE),813.6636085510254,19
159,MEAN(previous.DAYS_LAST_DUE),829.694694519043,18
160,MEAN(previous.DAYS_LAST_DUE_1ST_VERSION),673.2684020996094,14
161,MEAN(previous.DAYS_TERMINATION),724.1540946960449,16
162,MEAN(previous.HOUR_APPR_PROCESS_START),1133.755702972412,27
163,MEAN(previous.NFLAG_INSURED_ON_APPROVAL),343.9206085205078,7
164,MEAN(previous.NFLAG_LAST_APPL_IN_DAY),0.0,0
165,MEAN(previous.RATE_DOWN_PAYMENT),749.7126941680908,18
166,MEAN(previous.RATE_INTEREST_PRIMARY),0.0,0
167,MEAN(previous.RATE_INTEREST_PRIVILEGED),0.0,0
168,MEAN(previous.SELLERPLACE_AREA),1817.9617919921875,42
169,MIN(previous.AMT_ANNUITY),785.1595001220703,21
170,MIN(previous.AMT_APPLICATION),593.7915935516357,12
171,MIN(previous.AMT_CREDIT),432.60890197753906,11
172,MIN(previous.AMT_DOWN_PAYMENT),393.7550983428955,10
173,MIN(previous.AMT_GOODS_PRICE),938.3705043792725,23
174,MIN(previous.CNT_PAYMENT),266.0162010192871,7
175,MIN(previous.DAYS_DECISION),2373.0101013183594,34
176,MIN(previous.DAYS_FIRST_DRAWING),0.0,0
177,MIN(previous.DAYS_FIRST_DUE),1253.9346809387207,17
178,MIN(previous.DAYS_LAST_DUE),567.3982009887695,11
179,MIN(previous.DAYS_LAST_DUE_1ST_VERSION),947.6333980560303,19
180,MIN(previous.DAYS_TERMINATION),277.0394058227539,6
181,MIN(previous.HOUR_APPR_PROCESS_START),803.8827972412109,18
182,MIN(previous.NFLAG_INSURED_ON_APPROVAL),0.0,0
183,MIN(previous.NFLAG_LAST_APPL_IN_DAY),0.0,0
184,MIN(previous.RATE_DOWN_PAYMENT),123.88570022583008,3
185,MIN(previous.RATE_INTEREST_PRIMARY),0.0,0
186,MIN(previous.RATE_INTEREST_PRIVILEGED),0.0,0
187,MIN(previous.SELLERPLACE_AREA),452.09139823913574,12
188,STD(previous.AMT_ANNUITY),1263.4034023284912,30
189,STD(previous.AMT_APPLICATION),703.373498916626,16
190,STD(previous.AMT_CREDIT),771.7356033325195,18
191,STD(previous.AMT_DOWN_PAYMENT),1444.0047016143799,31
192,STD(previous.AMT_GOODS_PRICE),1101.1523933410645,27
193,STD(previous.CNT_PAYMENT),9371.023113250732,178
194,STD(previous.DAYS_DECISION),2475.3526039123535,52
195,STD(previous.DAYS_FIRST_DRAWING),948.357400894165,16
196,STD(previous.DAYS_FIRST_DUE),1212.7222919464111,28
197,STD(previous.DAYS_LAST_DUE),1182.177089691162,27
198,STD(previous.DAYS_LAST_DUE_1ST_VERSION),567.092601776123,11
199,STD(previous.DAYS_TERMINATION),409.04040145874023,10
200,STD(previous.HOUR_APPR_PROCESS_START),1707.275104522705,41
201,STD(previous.NFLAG_INSURED_ON_APPROVAL),181.84450149536133,5
202,STD(previous.NFLAG_LAST_APPL_IN_DAY),0.0,0
203,STD(previous.RATE_DOWN_PAYMENT),751.5407981872559,18
204,STD(previous.RATE_INTEREST_PRIMARY),0.0,0
205,STD(previous.RATE_INTEREST_PRIVILEGED),0.0,0
206,STD(previous.SELLERPLACE_AREA),1360.7529964447021,32
207,SUM(previous.AMT_ANNUITY),700.1689052581787,16
208,SUM(previous.AMT_APPLICATION),631.0219020843506,15
209,SUM(previous.AMT_CREDIT),636.5251026153564,15
210,SUM(previous.AMT_DOWN_PAYMENT),1937.1632976531982,38
211,SUM(previous.AMT_GOODS_PRICE),40.074798583984375,1
212,SUM(previous.CNT_PAYMENT),4213.230697631836,94
213,SUM(previous.DAYS_DECISION),509.1769046783447,13
214,SUM(previous.DAYS_FIRST_DRAWING),163.49159622192383,3
215,SUM(previous.DAYS_FIRST_DUE),379.8302001953125,10
216,SUM(previous.DAYS_LAST_DUE),905.4412097930908,21
217,SUM(previous.DAYS_LAST_DUE_1ST_VERSION),3234.3864669799805,62
218,SUM(previous.DAYS_TERMINATION),516.7440986633301,13
219,SUM(previous.HOUR_APPR_PROCESS_START),1256.0461978912354,28
220,SUM(previous.NFLAG_INSURED_ON_APPROVAL),107.12739944458008,2
221,SUM(previous.NFLAG_LAST_APPL_IN_DAY),473.72560691833496,10
222,SUM(previous.RATE_DOWN_PAYMENT),782.0205993652344,14
223,SUM(previous.RATE_INTEREST_PRIMARY),0.0,0
224,SUM(previous.RATE_INTEREST_PRIVILEGED),0.0,0
225,SUM(previous.SELLERPLACE_AREA),936.6636962890625,22
226,COUNT(cash),108.52730178833008,2
227,MAX(cash.CNT_INSTALMENT),74.91210174560547,2
228,MAX(cash.CNT_INSTALMENT_FUTURE),64.83589935302734,1
229,MAX(cash.MONTHS_BALANCE),405.09300231933594,8
230,MAX(cash.SK_DPD),40.37300109863281,1
231,MAX(cash.SK_DPD_DEF),1307.0795040130615,30
232,MAX(cash.SK_ID_CURR),978.6440925598145,25
233,MEAN(cash.CNT_INSTALMENT),815.8007965087891,19
234,MEAN(cash.CNT_INSTALMENT_FUTURE),3514.397912979126,77
235,MEAN(cash.MONTHS_BALANCE),552.0710010528564,12
236,MEAN(cash.SK_DPD),620.0513916015625,11
237,MEAN(cash.SK_DPD_DEF),4976.16298866272,84
238,MEAN(cash.SK_ID_CURR),241.27660369873047,6
239,MIN(cash.CNT_INSTALMENT),367.03400230407715,9
240,MIN(cash.CNT_INSTALMENT_FUTURE),267.8173999786377,7
241,MIN(cash.MONTHS_BALANCE),172.41809844970703,4
242,MIN(cash.SK_DPD),0.0,0
243,MIN(cash.SK_DPD_DEF),0.0,0
244,MIN(cash.SK_ID_CURR),107.93039894104004,3
245,STD(cash.CNT_INSTALMENT),918.7561073303223,18
246,STD(cash.CNT_INSTALMENT_FUTURE),1677.949411392212,37
247,STD(cash.MONTHS_BALANCE),1951.5880126953125,30
248,STD(cash.SK_DPD),674.8812961578369,14
249,STD(cash.SK_DPD_DEF),3136.723901748657,58
250,STD(cash.SK_ID_CURR),0.0,0
251,SUM(cash.CNT_INSTALMENT),190.23919868469238,5
252,SUM(cash.CNT_INSTALMENT_FUTURE),560.026496887207,12
253,SUM(cash.MONTHS_BALANCE),311.4035949707031,8
254,SUM(cash.SK_DPD),138.6630973815918,4
255,SUM(cash.SK_DPD_DEF),645.798999786377,13
256,SUM(cash.SK_ID_CURR),381.0368022918701,9
257,COUNT(installments),223.18450164794922,5
258,MAX(installments.AMT_INSTALMENT),1213.389404296875,28
259,MAX(installments.AMT_PAYMENT),662.3175048828125,15
260,MAX(installments.DAYS_ENTRY_PAYMENT),1047.1180992126465,24
261,MAX(installments.DAYS_INSTALMENT),417.8278999328613,10
262,MAX(installments.NUM_INSTALMENT_NUMBER),581.5565986633301,14
263,MAX(installments.NUM_INSTALMENT_VERSION),0.0,0
264,MAX(installments.SK_ID_CURR),230.7114028930664,6
265,MAX(installments.diff),35.57040023803711,1
266,MEAN(installments.AMT_INSTALMENT),733.3588104248047,16
267,MEAN(installments.AMT_PAYMENT),1357.9418029785156,31
268,MEAN(installments.DAYS_ENTRY_PAYMENT),1168.8895931243896,27
269,MEAN(installments.DAYS_INSTALMENT),162.51219749450684,4
270,MEAN(installments.NUM_INSTALMENT_NUMBER),870.071699142456,18
271,MEAN(installments.NUM_INSTALMENT_VERSION),541.5228996276855,13
272,MEAN(installments.SK_ID_CURR),80.73939895629883,2
273,MEAN(installments.diff),2308.6812114715576,46
274,MIN(installments.AMT_INSTALMENT),3262.108612060547,67
275,MIN(installments.AMT_PAYMENT),4707.198219299316,81
276,MIN(installments.DAYS_ENTRY_PAYMENT),928.075008392334,13
277,MIN(installments.DAYS_INSTALMENT),325.17049407958984,4
278,MIN(installments.NUM_INSTALMENT_NUMBER),0.0,0
279,MIN(installments.NUM_INSTALMENT_VERSION),0.0,0
280,MIN(installments.SK_ID_CURR),31.221099853515625,1
281,MIN(installments.diff),345.5961055755615,8
282,STD(installments.AMT_INSTALMENT),521.1415977478027,12
283,STD(installments.AMT_PAYMENT),332.1309986114502,8
284,STD(installments.DAYS_ENTRY_PAYMENT),1727.9599952697754,31
285,STD(installments.DAYS_INSTALMENT),1630.0601959228516,26
286,STD(installments.NUM_INSTALMENT_NUMBER),1696.5301990509033,31
287,STD(installments.NUM_INSTALMENT_VERSION),1321.3517875671387,29
288,STD(installments.SK_ID_CURR),0.0,0
289,STD(installments.diff),478.8840980529785,10
290,SUM(installments.AMT_INSTALMENT),884.3692932128906,20
291,SUM(installments.AMT_PAYMENT),538.9858951568604,12
292,SUM(installments.DAYS_ENTRY_PAYMENT),504.53368949890137,10
293,SUM(installments.DAYS_INSTALMENT),162.69349670410156,3
294,SUM(installments.NUM_INSTALMENT_NUMBER),471.76050567626953,11
295,SUM(installments.NUM_INSTALMENT_VERSION),437.5555019378662,10
296,SUM(installments.SK_ID_CURR),800.5741062164307,16
297,SUM(installments.diff),751.7361011505127,17
298,COUNT(credit),49.227901458740234,1
299,MAX(credit.AMT_BALANCE),364.7150993347168,7
300,MAX(credit.AMT_CREDIT_LIMIT_ACTUAL),89.3125,2
301,MAX(credit.AMT_DRAWINGS_ATM_CURRENT),334.0899028778076,7
302,MAX(credit.AMT_DRAWINGS_CURRENT),355.74929428100586,9
303,MAX(credit.AMT_DRAWINGS_OTHER_CURRENT),0.0,0
304,MAX(credit.AMT_DRAWINGS_POS_CURRENT),223.1500015258789,5
305,MAX(credit.AMT_INST_MIN_REGULARITY),361.45129013061523,8
306,MAX(credit.AMT_PAYMENT_CURRENT),1605.5518016815186,36
307,MAX(credit.AMT_PAYMENT_TOTAL_CURRENT),429.4845962524414,10
308,MAX(credit.AMT_RECEIVABLE_PRINCIPAL),422.4551010131836,8
309,MAX(credit.AMT_RECIVABLE),186.28559494018555,4
310,MAX(credit.AMT_TOTAL_RECEIVABLE),89.54510116577148,2
311,MAX(credit.CNT_DRAWINGS_ATM_CURRENT),993.9276065826416,19
312,MAX(credit.CNT_DRAWINGS_CURRENT),625.1338958740234,13
313,MAX(credit.CNT_DRAWINGS_OTHER_CURRENT),0.0,0
314,MAX(credit.CNT_DRAWINGS_POS_CURRENT),323.2021942138672,7
315,MAX(credit.CNT_INSTALMENT_MATURE_CUM),0.0,0
316,MAX(credit.MONTHS_BALANCE),36.98109817504883,1
317,MAX(credit.SK_DPD),0.0,0
318,MAX(credit.SK_DPD_DEF),0.0,0
319,MAX(credit.SK_ID_CURR),485.4235019683838,11
320,MEAN(credit.AMT_BALANCE),1523.2008094787598,29
321,MEAN(credit.AMT_CREDIT_LIMIT_ACTUAL),144.05450057983398,3
322,MEAN(credit.AMT_DRAWINGS_ATM_CURRENT),2478.536895751953,45
323,MEAN(credit.AMT_DRAWINGS_CURRENT),1038.7815055847168,21
324,MEAN(credit.AMT_DRAWINGS_OTHER_CURRENT),43.03450012207031,1
325,MEAN(credit.AMT_DRAWINGS_POS_CURRENT),304.9252014160156,7
326,MEAN(credit.AMT_INST_MIN_REGULARITY),570.2843952178955,12
327,MEAN(credit.AMT_PAYMENT_CURRENT),779.4967002868652,17
328,MEAN(credit.AMT_PAYMENT_TOTAL_CURRENT),351.2730007171631,9
329,MEAN(credit.AMT_RECEIVABLE_PRINCIPAL),694.3722991943359,15
330,MEAN(credit.AMT_RECIVABLE),403.54329681396484,10
331,MEAN(credit.AMT_TOTAL_RECEIVABLE),123.60520362854004,3
332,MEAN(credit.CNT_DRAWINGS_ATM_CURRENT),18710.01662826538,271
333,MEAN(credit.CNT_DRAWINGS_CURRENT),2391.5325870513916,41
334,MEAN(credit.CNT_DRAWINGS_OTHER_CURRENT),0.0,0
335,MEAN(credit.CNT_DRAWINGS_POS_CURRENT),595.9832992553711,13
336,MEAN(credit.CNT_INSTALMENT_MATURE_CUM),0.0,0
337,MEAN(credit.MONTHS_BALANCE),37.65660095214844,1
338,MEAN(credit.SK_DPD),84.27439880371094,2
339,MEAN(credit.SK_DPD_DEF),230.7067985534668,6
340,MEAN(credit.SK_ID_CURR),321.41970443725586,6
341,MIN(credit.AMT_BALANCE),2631.4821071624756,44
342,MIN(credit.AMT_CREDIT_LIMIT_ACTUAL),182.96930122375488,5
343,MIN(credit.AMT_DRAWINGS_ATM_CURRENT),0.0,0
344,MIN(credit.AMT_DRAWINGS_CURRENT),38.20819854736328,1
345,MIN(credit.AMT_DRAWINGS_OTHER_CURRENT),0.0,0
346,MIN(credit.AMT_DRAWINGS_POS_CURRENT),0.0,0
347,MIN(credit.AMT_INST_MIN_REGULARITY),0.0,0
348,MIN(credit.AMT_PAYMENT_CURRENT),424.45299530029297,10
349,MIN(credit.AMT_PAYMENT_TOTAL_CURRENT),0.0,0
350,MIN(credit.AMT_RECEIVABLE_PRINCIPAL),801.4694938659668,15
351,MIN(credit.AMT_RECIVABLE),371.1346015930176,8
352,MIN(credit.AMT_TOTAL_RECEIVABLE),185.8705005645752,4
353,MIN(credit.CNT_DRAWINGS_ATM_CURRENT),0.0,0
354,MIN(credit.CNT_DRAWINGS_CURRENT),0.0,0
355,MIN(credit.CNT_DRAWINGS_OTHER_CURRENT),0.0,0
356,MIN(credit.CNT_DRAWINGS_POS_CURRENT),0.0,0
357,MIN(credit.CNT_INSTALMENT_MATURE_CUM),0.0,0
358,MIN(credit.MONTHS_BALANCE),0.0,0
359,MIN(credit.SK_DPD),0.0,0
360,MIN(credit.SK_DPD_DEF),0.0,0
361,MIN(credit.SK_ID_CURR),0.0,0
362,STD(credit.AMT_BALANCE),467.1301975250244,12
363,STD(credit.AMT_CREDIT_LIMIT_ACTUAL),336.2058982849121,7
364,STD(credit.AMT_DRAWINGS_ATM_CURRENT),1088.231195449829,25
365,STD(credit.AMT_DRAWINGS_CURRENT),481.3535919189453,11
366,STD(credit.AMT_DRAWINGS_OTHER_CURRENT),0.0,0
367,STD(credit.AMT_DRAWINGS_POS_CURRENT),182.22360229492188,4
368,STD(credit.AMT_INST_MIN_REGULARITY),705.5086078643799,16
369,STD(credit.AMT_PAYMENT_CURRENT),958.9821071624756,18
370,STD(credit.AMT_PAYMENT_TOTAL_CURRENT),365.9808044433594,7
371,STD(credit.AMT_RECEIVABLE_PRINCIPAL),451.96860122680664,10
372,STD(credit.AMT_RECIVABLE),232.25009536743164,6
373,STD(credit.AMT_TOTAL_RECEIVABLE),119.17439651489258,3
374,STD(credit.CNT_DRAWINGS_ATM_CURRENT),7352.894495010376,117
375,STD(credit.CNT_DRAWINGS_CURRENT),2460.657709121704,48
376,STD(credit.CNT_DRAWINGS_OTHER_CURRENT),0.0,0
377,STD(credit.CNT_DRAWINGS_POS_CURRENT),1368.6981945037842,23
378,STD(credit.CNT_INSTALMENT_MATURE_CUM),115.5718994140625,3
379,STD(credit.MONTHS_BALANCE),0.0,0
380,STD(credit.SK_DPD),91.57999801635742,2
381,STD(credit.SK_DPD_DEF),161.57270050048828,3
382,STD(credit.SK_ID_CURR),0.0,0
383,SUM(credit.AMT_BALANCE),169.7725009918213,3
384,SUM(credit.AMT_CREDIT_LIMIT_ACTUAL),117.52470397949219,3
385,SUM(credit.AMT_DRAWINGS_ATM_CURRENT),349.11379623413086,7
386,SUM(credit.AMT_DRAWINGS_CURRENT),251.33789825439453,6
387,SUM(credit.AMT_DRAWINGS_OTHER_CURRENT),0.0,0
388,SUM(credit.AMT_DRAWINGS_POS_CURRENT),242.11569595336914,4
389,SUM(credit.AMT_INST_MIN_REGULARITY),74.64360046386719,2
390,SUM(credit.AMT_PAYMENT_CURRENT),104.13579940795898,3
391,SUM(credit.AMT_PAYMENT_TOTAL_CURRENT),282.97450256347656,6
392,SUM(credit.AMT_RECEIVABLE_PRINCIPAL),0.0,0
393,SUM(credit.AMT_RECIVABLE),0.0,0
394,SUM(credit.AMT_TOTAL_RECEIVABLE),0.0,0
395,SUM(credit.CNT_DRAWINGS_ATM_CURRENT),348.1363983154297,8
396,SUM(credit.CNT_DRAWINGS_CURRENT),640.0029067993164,13
397,SUM(credit.CNT_DRAWINGS_OTHER_CURRENT),0.0,0
398,SUM(credit.CNT_DRAWINGS_POS_CURRENT),211.82179641723633,5
399,SUM(credit.CNT_INSTALMENT_MATURE_CUM),34.338600158691406,1
400,SUM(credit.MONTHS_BALANCE),0.0,0
401,SUM(credit.SK_DPD),57.72079849243164,1
402,SUM(credit.SK_DPD_DEF),41.002201080322266,1
403,SUM(credit.SK_ID_CURR),161.74030113220215,4
404,MAX(bureau.COUNT(bureau_balance)),284.9575023651123,7
405,MAX(bureau.MEAN(bureau_balance.MONTHS_BALANCE)),215.27790069580078,5
406,MAX(bureau.MIN(bureau_balance.MONTHS_BALANCE)),46.3931999206543,1
407,MAX(bureau.STD(bureau_balance.MONTHS_BALANCE)),439.0064010620117,11
408,MAX(bureau.SUM(bureau_balance.MONTHS_BALANCE)),105.17280006408691,3
409,MEAN(bureau.COUNT(bureau_balance)),575.905200958252,9
410,MEAN(bureau.MAX(bureau_balance.MONTHS_BALANCE)),356.32969665527344,7
411,MEAN(bureau.MEAN(bureau_balance.MONTHS_BALANCE)),711.2089042663574,16
412,MEAN(bureau.MIN(bureau_balance.MONTHS_BALANCE)),910.4690971374512,17
413,MEAN(bureau.STD(bureau_balance.MONTHS_BALANCE)),692.2258014678955,15
414,MEAN(bureau.SUM(bureau_balance.MONTHS_BALANCE)),430.0771026611328,7
415,MIN(bureau.COUNT(bureau_balance)),393.9031009674072,9
416,MIN(bureau.MAX(bureau_balance.MONTHS_BALANCE)),100.36740303039551,3
417,MIN(bureau.MEAN(bureau_balance.MONTHS_BALANCE)),370.8257026672363,7
418,MIN(bureau.STD(bureau_balance.MONTHS_BALANCE)),230.03829765319824,6
419,MIN(bureau.SUM(bureau_balance.MONTHS_BALANCE)),88.67580032348633,2
420,STD(bureau.COUNT(bureau_balance)),566.3659992218018,13
421,STD(bureau.MAX(bureau_balance.MONTHS_BALANCE)),305.63159942626953,7
422,STD(bureau.MEAN(bureau_balance.MONTHS_BALANCE)),633.2137031555176,12
423,STD(bureau.MIN(bureau_balance.MONTHS_BALANCE)),587.7124080657959,14
424,STD(bureau.SUM(bureau_balance.MONTHS_BALANCE)),317.09210205078125,7
425,SUM(bureau.MAX(bureau_balance.MONTHS_BALANCE)),242.31940078735352,5
426,SUM(bureau.MEAN(bureau_balance.MONTHS_BALANCE)),77.94329833984375,2
427,SUM(bureau.MIN(bureau_balance.MONTHS_BALANCE)),51.49599838256836,1
428,SUM(bureau.STD(bureau_balance.MONTHS_BALANCE)),126.25139999389648,2
429,MAX(bureau_balance.bureau.AMT_ANNUITY),35.08369827270508,1
430,MAX(bureau_balance.bureau.AMT_CREDIT_MAX_OVERDUE),250.23859405517578,6
431,MAX(bureau_balance.bureau.AMT_CREDIT_SUM),609.8813953399658,14
432,MAX(bureau_balance.bureau.AMT_CREDIT_SUM_DEBT),693.701000213623,17
433,MAX(bureau_balance.bureau.AMT_CREDIT_SUM_LIMIT),122.20370101928711,3
434,MAX(bureau_balance.bureau.AMT_CREDIT_SUM_OVERDUE),64.3760986328125,2
435,MAX(bureau_balance.bureau.CNT_CREDIT_PROLONG),0.0,0
436,MAX(bureau_balance.bureau.CREDIT_DAY_OVERDUE),0.0,0
437,MAX(bureau_balance.bureau.DAYS_CREDIT),1834.5641899108887,40
438,MAX(bureau_balance.bureau.DAYS_CREDIT_ENDDATE),370.38379669189453,9
439,MAX(bureau_balance.bureau.DAYS_CREDIT_UPDATE),383.2513961791992,8
440,MAX(bureau_balance.bureau.DAYS_ENDDATE_FACT),430.535099029541,10
441,MEAN(bureau_balance.bureau.AMT_ANNUITY),337.1364974975586,8
442,MEAN(bureau_balance.bureau.AMT_CREDIT_MAX_OVERDUE),226.63040161132812,6
443,MEAN(bureau_balance.bureau.AMT_CREDIT_SUM),971.6844959259033,20
444,MEAN(bureau_balance.bureau.AMT_CREDIT_SUM_DEBT),530.402099609375,12
445,MEAN(bureau_balance.bureau.AMT_CREDIT_SUM_LIMIT),237.9374008178711,5
446,MEAN(bureau_balance.bureau.AMT_CREDIT_SUM_OVERDUE),0.0,0
447,MEAN(bureau_balance.bureau.CNT_CREDIT_PROLONG),0.0,0
448,MEAN(bureau_balance.bureau.CREDIT_DAY_OVERDUE),0.0,0
449,MEAN(bureau_balance.bureau.DAYS_CREDIT),506.14709854125977,13
450,MEAN(bureau_balance.bureau.DAYS_CREDIT_ENDDATE),776.3440933227539,18
451,MEAN(bureau_balance.bureau.DAYS_CREDIT_UPDATE),246.61940383911133,6
452,MEAN(bureau_balance.bureau.DAYS_ENDDATE_FACT),301.5794982910156,7
453,MIN(bureau_balance.bureau.AMT_ANNUITY),0.0,0
454,MIN(bureau_balance.bureau.AMT_CREDIT_MAX_OVERDUE),176.93320274353027,4
455,MIN(bureau_balance.bureau.AMT_CREDIT_SUM),445.5527992248535,10
456,MIN(bureau_balance.bureau.AMT_CREDIT_SUM_DEBT),196.447998046875,5
457,MIN(bureau_balance.bureau.AMT_CREDIT_SUM_LIMIT),0.0,0
458,MIN(bureau_balance.bureau.AMT_CREDIT_SUM_OVERDUE),0.0,0
459,MIN(bureau_balance.bureau.CNT_CREDIT_PROLONG),0.0,0
460,MIN(bureau_balance.bureau.CREDIT_DAY_OVERDUE),0.0,0
461,MIN(bureau_balance.bureau.DAYS_CREDIT),101.25860023498535,3
462,MIN(bureau_balance.bureau.DAYS_CREDIT_ENDDATE),424.33649826049805,9
463,MIN(bureau_balance.bureau.DAYS_CREDIT_UPDATE),392.4236030578613,9
464,MIN(bureau_balance.bureau.DAYS_ENDDATE_FACT),286.7640018463135,7
465,STD(bureau_balance.bureau.AMT_ANNUITY),522.9170970916748,12
466,STD(bureau_balance.bureau.AMT_CREDIT_MAX_OVERDUE),83.92610168457031,2
467,STD(bureau_balance.bureau.AMT_CREDIT_SUM),464.82919120788574,10
468,STD(bureau_balance.bureau.AMT_CREDIT_SUM_DEBT),132.70330047607422,4
469,STD(bureau_balance.bureau.AMT_CREDIT_SUM_LIMIT),0.0,0
470,STD(bureau_balance.bureau.AMT_CREDIT_SUM_OVERDUE),32.398399353027344,1
471,STD(bureau_balance.bureau.CNT_CREDIT_PROLONG),32.02360153198242,1
472,STD(bureau_balance.bureau.CREDIT_DAY_OVERDUE),0.0,0
473,STD(bureau_balance.bureau.DAYS_CREDIT),423.849401473999,11
474,STD(bureau_balance.bureau.DAYS_CREDIT_ENDDATE),389.61669921875,10
475,STD(bureau_balance.bureau.DAYS_CREDIT_UPDATE),407.88540267944336,9
476,STD(bureau_balance.bureau.DAYS_ENDDATE_FACT),250.00530242919922,5
477,SUM(bureau_balance.bureau.AMT_ANNUITY),149.24139976501465,4
478,SUM(bureau_balance.bureau.AMT_CREDIT_MAX_OVERDUE),32.347198486328125,1
479,SUM(bureau_balance.bureau.AMT_CREDIT_SUM),1721.4843006134033,30
480,SUM(bureau_balance.bureau.AMT_CREDIT_SUM_DEBT),76.10079956054688,2
481,SUM(bureau_balance.bureau.AMT_CREDIT_SUM_LIMIT),256.9334030151367,4
482,SUM(bureau_balance.bureau.AMT_CREDIT_SUM_OVERDUE),0.0,0
483,SUM(bureau_balance.bureau.CNT_CREDIT_PROLONG),0.0,0
484,SUM(bureau_balance.bureau.CREDIT_DAY_OVERDUE),0.0,0
485,SUM(bureau_balance.bureau.DAYS_CREDIT),0.0,0
486,SUM(bureau_balance.bureau.DAYS_CREDIT_ENDDATE),220.92909622192383,5
487,SUM(bureau_balance.bureau.DAYS_CREDIT_UPDATE),221.10459327697754,3
488,SUM(bureau_balance.bureau.DAYS_ENDDATE_FACT),213.82620239257812,3
489,MAX(previous.COUNT(cash)),245.31260108947754,6
490,MAX(previous.COUNT(credit)),0.0,0
491,MAX(previous.COUNT(installments)),111.53460121154785,3
492,MAX(previous.MEAN(cash.CNT_INSTALMENT)),298.8469009399414,7
493,MAX(previous.MEAN(cash.CNT_INSTALMENT_FUTURE)),2684.544496536255,59
494,MAX(previous.MEAN(cash.MONTHS_BALANCE)),673.0786018371582,15
495,MAX(previous.MEAN(cash.SK_DPD)),356.1739044189453,8
496,MAX(previous.MEAN(cash.SK_DPD_DEF)),2296.0422897338867,39
497,MAX(previous.MEAN(cash.SK_ID_CURR)),0.0,0
498,MAX(previous.MEAN(credit.AMT_BALANCE)),461.4585990905762,9
499,MAX(previous.MEAN(credit.AMT_CREDIT_LIMIT_ACTUAL)),113.23200225830078,3
500,MAX(previous.MEAN(credit.AMT_DRAWINGS_ATM_CURRENT)),1318.3619022369385,28
501,MAX(previous.MEAN(credit.AMT_DRAWINGS_CURRENT)),128.3655014038086,3
502,MAX(previous.MEAN(credit.AMT_DRAWINGS_OTHER_CURRENT)),0.0,0
503,MAX(previous.MEAN(credit.AMT_DRAWINGS_POS_CURRENT)),0.0,0
504,MAX(previous.MEAN(credit.AMT_INST_MIN_REGULARITY)),476.877197265625,11
505,MAX(previous.MEAN(credit.AMT_PAYMENT_CURRENT)),509.9636993408203,12
506,MAX(previous.MEAN(credit.AMT_PAYMENT_TOTAL_CURRENT)),230.15410041809082,5
507,MAX(previous.MEAN(credit.AMT_RECEIVABLE_PRINCIPAL)),457.3991012573242,10
508,MAX(previous.MEAN(credit.AMT_RECIVABLE)),257.3421974182129,5
509,MAX(previous.MEAN(credit.AMT_TOTAL_RECEIVABLE)),52.7932014465332,1
510,MAX(previous.MEAN(credit.CNT_DRAWINGS_ATM_CURRENT)),10936.56367301941,123
511,MAX(previous.MEAN(credit.CNT_DRAWINGS_CURRENT)),1342.4089050292969,24
512,MAX(previous.MEAN(credit.CNT_DRAWINGS_OTHER_CURRENT)),0.0,0
513,MAX(previous.MEAN(credit.CNT_DRAWINGS_POS_CURRENT)),189.65330505371094,4
514,MAX(previous.MEAN(credit.CNT_INSTALMENT_MATURE_CUM)),43.608001708984375,1
515,MAX(previous.MEAN(credit.MONTHS_BALANCE)),75.59709930419922,2
516,MAX(previous.MEAN(credit.SK_DPD)),121.88629913330078,3
517,MAX(previous.MEAN(credit.SK_DPD_DEF)),113.2063980102539,3
518,MAX(previous.MEAN(credit.SK_ID_CURR)),0.0,0
519,MAX(previous.MEAN(installments.AMT_INSTALMENT)),648.7168083190918,11
520,MAX(previous.MEAN(installments.AMT_PAYMENT)),1178.0245990753174,22
521,MAX(previous.MEAN(installments.DAYS_ENTRY_PAYMENT)),625.6359939575195,14
522,MAX(previous.MEAN(installments.DAYS_INSTALMENT)),405.25160217285156,10
523,MAX(previous.MEAN(installments.NUM_INSTALMENT_NUMBER)),223.33510208129883,6
524,MAX(previous.MEAN(installments.NUM_INSTALMENT_VERSION)),387.3109016418457,10
525,MAX(previous.MEAN(installments.SK_ID_CURR)),0.0,0
526,MAX(previous.MEAN(installments.diff)),2781.138906478882,41
527,MAX(previous.MIN(cash.CNT_INSTALMENT)),426.34740447998047,8
528,MAX(previous.MIN(cash.CNT_INSTALMENT_FUTURE)),538.5569915771484,12
529,MAX(previous.MIN(cash.MONTHS_BALANCE)),415.4659996032715,8
530,MAX(previous.MIN(cash.SK_DPD)),0.0,0
531,MAX(previous.MIN(cash.SK_DPD_DEF)),0.0,0
532,MAX(previous.MIN(cash.SK_ID_CURR)),0.0,0
533,MAX(previous.MIN(credit.AMT_BALANCE)),2082.8663024902344,26
534,MAX(previous.MIN(credit.AMT_CREDIT_LIMIT_ACTUAL)),182.08830070495605,5
535,MAX(previous.MIN(credit.AMT_DRAWINGS_ATM_CURRENT)),0.0,0
536,MAX(previous.MIN(credit.AMT_DRAWINGS_CURRENT)),42.06660079956055,1
537,MAX(previous.MIN(credit.AMT_DRAWINGS_OTHER_CURRENT)),0.0,0
538,MAX(previous.MIN(credit.AMT_DRAWINGS_POS_CURRENT)),49.286598205566406,1
539,MAX(previous.MIN(credit.AMT_INST_MIN_REGULARITY)),0.0,0
540,MAX(previous.MIN(credit.AMT_PAYMENT_CURRENT)),117.86819458007812,2
541,MAX(previous.MIN(credit.AMT_PAYMENT_TOTAL_CURRENT)),0.0,0
542,MAX(previous.MIN(credit.AMT_RECEIVABLE_PRINCIPAL)),341.6423988342285,8
543,MAX(previous.MIN(credit.AMT_RECIVABLE)),68.1552963256836,1
544,MAX(previous.MIN(credit.AMT_TOTAL_RECEIVABLE)),88.77369689941406,2
545,MAX(previous.MIN(credit.CNT_DRAWINGS_ATM_CURRENT)),0.0,0
546,MAX(previous.MIN(credit.CNT_DRAWINGS_CURRENT)),39.365501403808594,1
547,MAX(previous.MIN(credit.CNT_DRAWINGS_OTHER_CURRENT)),0.0,0
548,MAX(previous.MIN(credit.CNT_DRAWINGS_POS_CURRENT)),0.0,0
549,MAX(previous.MIN(credit.CNT_INSTALMENT_MATURE_CUM)),0.0,0
550,MAX(previous.MIN(credit.MONTHS_BALANCE)),41.34299850463867,1
551,MAX(previous.MIN(credit.SK_DPD)),0.0,0
552,MAX(previous.MIN(credit.SK_DPD_DEF)),0.0,0
553,MAX(previous.MIN(credit.SK_ID_CURR)),0.0,0
554,MAX(previous.MIN(installments.AMT_INSTALMENT)),2348.5520057678223,46
555,MAX(previous.MIN(installments.AMT_PAYMENT)),34594.589307785034,266
556,MAX(previous.MIN(installments.DAYS_ENTRY_PAYMENT)),290.79870223999023,6
557,MAX(previous.MIN(installments.DAYS_INSTALMENT)),252.03960418701172,6
558,MAX(previous.MIN(installments.NUM_INSTALMENT_NUMBER)),0.0,0
559,MAX(previous.MIN(installments.NUM_INSTALMENT_VERSION)),0.0,0
560,MAX(previous.MIN(installments.SK_ID_CURR)),0.0,0
561,MAX(previous.MIN(installments.diff)),2679.6924114227295,31
562,MAX(previous.STD(cash.CNT_INSTALMENT)),1958.3514003753662,42
563,MAX(previous.STD(cash.CNT_INSTALMENT_FUTURE)),1521.1220016479492,32
564,MAX(previous.STD(cash.MONTHS_BALANCE)),331.8064994812012,8
565,MAX(previous.STD(cash.SK_DPD)),61.77510070800781,2
566,MAX(previous.STD(cash.SK_DPD_DEF)),1204.6128005981445,22
567,MAX(previous.STD(cash.SK_ID_CURR)),0.0,0
568,MAX(previous.STD(credit.AMT_BALANCE)),40.99039840698242,1
569,MAX(previous.STD(credit.AMT_CREDIT_LIMIT_ACTUAL)),130.38510131835938,3
570,MAX(previous.STD(credit.AMT_DRAWINGS_ATM_CURRENT)),980.7762985229492,23
571,MAX(previous.STD(credit.AMT_DRAWINGS_CURRENT)),419.95370292663574,8
572,MAX(previous.STD(credit.AMT_DRAWINGS_OTHER_CURRENT)),0.0,0
573,MAX(previous.STD(credit.AMT_DRAWINGS_POS_CURRENT)),132.1857032775879,2
574,MAX(previous.STD(credit.AMT_INST_MIN_REGULARITY)),114.17659759521484,3
575,MAX(previous.STD(credit.AMT_PAYMENT_CURRENT)),677.3167057037354,13
576,MAX(previous.STD(credit.AMT_PAYMENT_TOTAL_CURRENT)),59.27399826049805,1
577,MAX(previous.STD(credit.AMT_RECEIVABLE_PRINCIPAL)),37.919898986816406,1
578,MAX(previous.STD(credit.AMT_RECIVABLE)),0.0,0
579,MAX(previous.STD(credit.AMT_TOTAL_RECEIVABLE)),0.0,0
580,MAX(previous.STD(credit.CNT_DRAWINGS_ATM_CURRENT)),2245.5109062194824,35
581,MAX(previous.STD(credit.CNT_DRAWINGS_CURRENT)),1497.387399673462,29
582,MAX(previous.STD(credit.CNT_DRAWINGS_OTHER_CURRENT)),33.11970138549805,1
583,MAX(previous.STD(credit.CNT_DRAWINGS_POS_CURRENT)),932.5212936401367,13
584,MAX(previous.STD(credit.CNT_INSTALMENT_MATURE_CUM)),104.5067024230957,2
585,MAX(previous.STD(credit.MONTHS_BALANCE)),50.88399887084961,1
586,MAX(previous.STD(credit.SK_DPD)),0.0,0
587,MAX(previous.STD(credit.SK_DPD_DEF)),0.0,0
588,MAX(previous.STD(credit.SK_ID_CURR)),0.0,0
589,MAX(previous.STD(installments.AMT_INSTALMENT)),765.6098003387451,18
590,MAX(previous.STD(installments.AMT_PAYMENT)),503.6962947845459,12
591,MAX(previous.STD(installments.DAYS_ENTRY_PAYMENT)),659.3118991851807,15
592,MAX(previous.STD(installments.DAYS_INSTALMENT)),614.7416915893555,12
593,MAX(previous.STD(installments.NUM_INSTALMENT_NUMBER)),1518.118703842163,31
594,MAX(previous.STD(installments.NUM_INSTALMENT_VERSION)),856.3308029174805,17
595,MAX(previous.STD(installments.SK_ID_CURR)),0.0,0
596,MAX(previous.STD(installments.diff)),175.43839645385742,4
597,MAX(previous.SUM(cash.CNT_INSTALMENT)),224.55699920654297,5
598,MAX(previous.SUM(cash.CNT_INSTALMENT_FUTURE)),533.4959030151367,14
599,MAX(previous.SUM(cash.MONTHS_BALANCE)),64.84140014648438,2
600,MAX(previous.SUM(cash.SK_DPD)),150.16120147705078,4
601,MAX(previous.SUM(cash.SK_DPD_DEF)),1489.4951972961426,30
602,MAX(previous.SUM(cash.SK_ID_CURR)),844.639799118042,20
603,MAX(previous.SUM(credit.AMT_BALANCE)),61.945701599121094,1
604,MAX(previous.SUM(credit.AMT_CREDIT_LIMIT_ACTUAL)),136.57770156860352,3
605,MAX(previous.SUM(credit.AMT_DRAWINGS_ATM_CURRENT)),0.0,0
606,MAX(previous.SUM(credit.AMT_DRAWINGS_CURRENT)),28.667400360107422,1
607,MAX(previous.SUM(credit.AMT_DRAWINGS_OTHER_CURRENT)),0.0,0
608,MAX(previous.SUM(credit.AMT_DRAWINGS_POS_CURRENT)),185.5161018371582,4
609,MAX(previous.SUM(credit.AMT_INST_MIN_REGULARITY)),228.48199844360352,5
610,MAX(previous.SUM(credit.AMT_PAYMENT_CURRENT)),177.11140060424805,4
611,MAX(previous.SUM(credit.AMT_PAYMENT_TOTAL_CURRENT)),40.96390151977539,1
612,MAX(previous.SUM(credit.AMT_RECEIVABLE_PRINCIPAL)),84.58589935302734,2
613,MAX(previous.SUM(credit.AMT_RECIVABLE)),108.55459976196289,2
614,MAX(previous.SUM(credit.AMT_TOTAL_RECEIVABLE)),81.18289947509766,1
615,MAX(previous.SUM(credit.CNT_DRAWINGS_ATM_CURRENT)),546.7624969482422,11
616,MAX(previous.SUM(credit.CNT_DRAWINGS_CURRENT)),485.659704208374,11
617,MAX(previous.SUM(credit.CNT_DRAWINGS_OTHER_CURRENT)),0.0,0
618,MAX(previous.SUM(credit.CNT_DRAWINGS_POS_CURRENT)),112.17630004882812,2
619,MAX(previous.SUM(credit.CNT_INSTALMENT_MATURE_CUM)),0.0,0
620,MAX(previous.SUM(credit.MONTHS_BALANCE)),0.0,0
621,MAX(previous.SUM(credit.SK_DPD)),29.161699295043945,1
622,MAX(previous.SUM(credit.SK_DPD_DEF)),0.0,0
623,MAX(previous.SUM(credit.SK_ID_CURR)),174.77529525756836,3
624,MAX(previous.SUM(installments.AMT_INSTALMENT)),741.008602142334,13
625,MAX(previous.SUM(installments.AMT_PAYMENT)),1470.6311931610107,29
626,MAX(previous.SUM(installments.DAYS_ENTRY_PAYMENT)),297.0116024017334,7
627,MAX(previous.SUM(installments.DAYS_INSTALMENT)),78.86470222473145,2
628,MAX(previous.SUM(installments.NUM_INSTALMENT_NUMBER)),223.16629600524902,5
629,MAX(previous.SUM(installments.NUM_INSTALMENT_VERSION)),277.2385025024414,6
630,MAX(previous.SUM(installments.SK_ID_CURR)),798.8486003875732,19
631,MAX(previous.SUM(installments.diff)),726.6039009094238,15
632,MEAN(previous.COUNT(cash)),17627.625366210938,187
633,MEAN(previous.COUNT(credit)),232.6598014831543,5
634,MEAN(previous.COUNT(installments)),2800.8427028656006,57
635,MEAN(previous.MAX(cash.CNT_INSTALMENT)),3056.2287731170654,61
636,MEAN(previous.MAX(cash.CNT_INSTALMENT_FUTURE)),2696.881998062134,54
637,MEAN(previous.MAX(cash.MONTHS_BALANCE)),546.248104095459,13
638,MEAN(previous.MAX(cash.SK_DPD)),1059.8369979858398,21
639,MEAN(previous.MAX(cash.SK_DPD_DEF)),4269.796489715576,84
640,MEAN(previous.MAX(cash.SK_ID_CURR)),35.510501861572266,1
641,MEAN(previous.MAX(credit.AMT_BALANCE)),53.017398834228516,1
642,MEAN(previous.MAX(credit.AMT_CREDIT_LIMIT_ACTUAL)),31.165599822998047,1
643,MEAN(previous.MAX(credit.AMT_DRAWINGS_ATM_CURRENT)),99.16170120239258,3
644,MEAN(previous.MAX(credit.AMT_DRAWINGS_CURRENT)),56.791900634765625,1
645,MEAN(previous.MAX(credit.AMT_DRAWINGS_OTHER_CURRENT)),0.0,0
646,MEAN(previous.MAX(credit.AMT_DRAWINGS_POS_CURRENT)),210.97130584716797,4
647,MEAN(previous.MAX(credit.AMT_INST_MIN_REGULARITY)),248.58929634094238,6
648,MEAN(previous.MAX(credit.AMT_PAYMENT_CURRENT)),259.7618007659912,5
649,MEAN(previous.MAX(credit.AMT_PAYMENT_TOTAL_CURRENT)),0.0,0
650,MEAN(previous.MAX(credit.AMT_RECEIVABLE_PRINCIPAL)),264.5718994140625,5
651,MEAN(previous.MAX(credit.AMT_RECIVABLE)),83.03489685058594,1
652,MEAN(previous.MAX(credit.AMT_TOTAL_RECEIVABLE)),63.783199310302734,1
653,MEAN(previous.MAX(credit.CNT_DRAWINGS_ATM_CURRENT)),292.0364990234375,7
654,MEAN(previous.MAX(credit.CNT_DRAWINGS_CURRENT)),579.621904373169,12
655,MEAN(previous.MAX(credit.CNT_DRAWINGS_OTHER_CURRENT)),0.0,0
656,MEAN(previous.MAX(credit.CNT_DRAWINGS_POS_CURRENT)),131.73290252685547,3
657,MEAN(previous.MAX(credit.CNT_INSTALMENT_MATURE_CUM)),0.0,0
658,MEAN(previous.MAX(credit.MONTHS_BALANCE)),0.0,0
659,MEAN(previous.MAX(credit.SK_DPD)),0.0,0
660,MEAN(previous.MAX(credit.SK_DPD_DEF)),0.0,0
661,MEAN(previous.MAX(credit.SK_ID_CURR)),0.0,0
662,MEAN(previous.MAX(installments.AMT_INSTALMENT)),1428.0651988983154,34
663,MEAN(previous.MAX(installments.AMT_PAYMENT)),1042.134895324707,21
664,MEAN(previous.MAX(installments.DAYS_ENTRY_PAYMENT)),510.35339736938477,12
665,MEAN(previous.MAX(installments.DAYS_INSTALMENT)),496.96740341186523,12
666,MEAN(previous.MAX(installments.NUM_INSTALMENT_NUMBER)),3204.1866035461426,56
667,MEAN(previous.MAX(installments.NUM_INSTALMENT_VERSION)),348.4198970794678,9
668,MEAN(previous.MAX(installments.SK_ID_CURR)),0.0,0
669,MEAN(previous.MAX(installments.diff)),37.14630126953125,1
670,MEAN(previous.MEAN(cash.CNT_INSTALMENT)),1081.137596130371,23
671,MEAN(previous.MEAN(cash.CNT_INSTALMENT_FUTURE)),11259.461280822754,191
672,MEAN(previous.MEAN(cash.MONTHS_BALANCE)),421.4333953857422,8
673,MEAN(previous.MEAN(cash.SK_DPD)),603.6284942626953,11
674,MEAN(previous.MEAN(cash.SK_DPD_DEF)),7449.3020877838135,111
675,MEAN(previous.MEAN(cash.SK_ID_CURR)),0.0,0
676,MEAN(previous.MEAN(credit.AMT_BALANCE)),325.4344005584717,7
677,MEAN(previous.MEAN(credit.AMT_CREDIT_LIMIT_ACTUAL)),0.0,0
678,MEAN(previous.MEAN(credit.AMT_DRAWINGS_ATM_CURRENT)),1719.5180053710938,24
679,MEAN(previous.MEAN(credit.AMT_DRAWINGS_CURRENT)),252.06570434570312,5
680,MEAN(previous.MEAN(credit.AMT_DRAWINGS_OTHER_CURRENT)),0.0,0
681,MEAN(previous.MEAN(credit.AMT_DRAWINGS_POS_CURRENT)),42.36920166015625,1
682,MEAN(previous.MEAN(credit.AMT_INST_MIN_REGULARITY)),0.0,0
683,MEAN(previous.MEAN(credit.AMT_PAYMENT_CURRENT)),39.47959899902344,1
684,MEAN(previous.MEAN(credit.AMT_PAYMENT_TOTAL_CURRENT)),120.37010192871094,3
685,MEAN(previous.MEAN(credit.AMT_RECEIVABLE_PRINCIPAL)),88.05030059814453,2
686,MEAN(previous.MEAN(credit.AMT_RECIVABLE)),72.10929870605469,1
687,MEAN(previous.MEAN(credit.AMT_TOTAL_RECEIVABLE)),43.36899948120117,1
688,MEAN(previous.MEAN(credit.CNT_DRAWINGS_ATM_CURRENT)),7368.794286727905,83
689,MEAN(previous.MEAN(credit.CNT_DRAWINGS_CURRENT)),1492.7339820861816,19
690,MEAN(previous.MEAN(credit.CNT_DRAWINGS_OTHER_CURRENT)),0.0,0
691,MEAN(previous.MEAN(credit.CNT_DRAWINGS_POS_CURRENT)),36.277400970458984,1
692,MEAN(previous.MEAN(credit.CNT_INSTALMENT_MATURE_CUM)),0.0,0
693,MEAN(previous.MEAN(credit.MONTHS_BALANCE)),66.08540344238281,1
694,MEAN(previous.MEAN(credit.SK_DPD)),0.0,0
695,MEAN(previous.MEAN(credit.SK_DPD_DEF)),0.0,0
696,MEAN(previous.MEAN(credit.SK_ID_CURR)),0.0,0
697,MEAN(previous.MEAN(installments.AMT_INSTALMENT)),1001.8495006561279,19
698,MEAN(previous.MEAN(installments.AMT_PAYMENT)),1278.897497177124,26
699,MEAN(previous.MEAN(installments.DAYS_ENTRY_PAYMENT)),602.0409030914307,12
700,MEAN(previous.MEAN(installments.DAYS_INSTALMENT)),528.9315986633301,10
701,MEAN(previous.MEAN(installments.NUM_INSTALMENT_NUMBER)),611.8422012329102,13
702,MEAN(previous.MEAN(installments.NUM_INSTALMENT_VERSION)),350.316198348999,7
703,MEAN(previous.MEAN(installments.SK_ID_CURR)),0.0,0
704,MEAN(previous.MEAN(installments.diff)),3182.9798126220703,57
705,MEAN(previous.MIN(cash.CNT_INSTALMENT)),596.5837020874023,13
706,MEAN(previous.MIN(cash.CNT_INSTALMENT_FUTURE)),2287.5052070617676,52
707,MEAN(previous.MIN(cash.MONTHS_BALANCE)),599.4217052459717,12
708,MEAN(previous.MIN(cash.SK_DPD)),0.0,0
709,MEAN(previous.MIN(cash.SK_DPD_DEF)),0.0,0
710,MEAN(previous.MIN(cash.SK_ID_CURR)),0.0,0
711,MEAN(previous.MIN(credit.AMT_BALANCE)),506.3233013153076,8
712,MEAN(previous.MIN(credit.AMT_CREDIT_LIMIT_ACTUAL)),31.541500091552734,1
713,MEAN(previous.MIN(credit.AMT_DRAWINGS_ATM_CURRENT)),0.0,0
714,MEAN(previous.MIN(credit.AMT_DRAWINGS_CURRENT)),0.0,0
715,MEAN(previous.MIN(credit.AMT_DRAWINGS_OTHER_CURRENT)),0.0,0
716,MEAN(previous.MIN(credit.AMT_DRAWINGS_POS_CURRENT)),0.0,0
717,MEAN(previous.MIN(credit.AMT_INST_MIN_REGULARITY)),0.0,0
718,MEAN(previous.MIN(credit.AMT_PAYMENT_CURRENT)),34.981300354003906,1
719,MEAN(previous.MIN(credit.AMT_PAYMENT_TOTAL_CURRENT)),0.0,0
720,MEAN(previous.MIN(credit.AMT_RECEIVABLE_PRINCIPAL)),61.60100173950195,1
721,MEAN(previous.MIN(credit.AMT_RECIVABLE)),43.57820129394531,1
722,MEAN(previous.MIN(credit.AMT_TOTAL_RECEIVABLE)),0.0,0
723,MEAN(previous.MIN(credit.CNT_DRAWINGS_ATM_CURRENT)),0.0,0
724,MEAN(previous.MIN(credit.CNT_DRAWINGS_CURRENT)),0.0,0
725,MEAN(previous.MIN(credit.CNT_DRAWINGS_OTHER_CURRENT)),0.0,0
726,MEAN(previous.MIN(credit.CNT_DRAWINGS_POS_CURRENT)),0.0,0
727,MEAN(previous.MIN(credit.CNT_INSTALMENT_MATURE_CUM)),0.0,0
728,MEAN(previous.MIN(credit.MONTHS_BALANCE)),0.0,0
729,MEAN(previous.MIN(credit.SK_DPD)),0.0,0
730,MEAN(previous.MIN(credit.SK_DPD_DEF)),0.0,0
731,MEAN(previous.MIN(credit.SK_ID_CURR)),0.0,0
732,MEAN(previous.MIN(installments.AMT_INSTALMENT)),2089.587203979492,44
733,MEAN(previous.MIN(installments.AMT_PAYMENT)),91615.48412322998,530
734,MEAN(previous.MIN(installments.DAYS_ENTRY_PAYMENT)),842.5621089935303,16
735,MEAN(previous.MIN(installments.DAYS_INSTALMENT)),612.8977966308594,13
736,MEAN(previous.MIN(installments.NUM_INSTALMENT_NUMBER)),0.0,0
737,MEAN(previous.MIN(installments.NUM_INSTALMENT_VERSION)),104.14050102233887,3
738,MEAN(previous.MIN(installments.SK_ID_CURR)),0.0,0
739,MEAN(previous.MIN(installments.diff)),1573.4649963378906,34
740,MEAN(previous.STD(cash.CNT_INSTALMENT)),5608.5645961761475,102
741,MEAN(previous.STD(cash.CNT_INSTALMENT_FUTURE)),4096.153093338013,88
742,MEAN(previous.STD(cash.MONTHS_BALANCE)),448.86789894104004,11
743,MEAN(previous.STD(cash.SK_DPD)),1068.7235870361328,20
744,MEAN(previous.STD(cash.SK_DPD_DEF)),6090.74049949646,104
745,MEAN(previous.STD(cash.SK_ID_CURR)),0.0,0
746,MEAN(previous.STD(credit.AMT_BALANCE)),147.74409866333008,3
747,MEAN(previous.STD(credit.AMT_CREDIT_LIMIT_ACTUAL)),90.94300079345703,2
748,MEAN(previous.STD(credit.AMT_DRAWINGS_ATM_CURRENT)),262.8554000854492,6
749,MEAN(previous.STD(credit.AMT_DRAWINGS_CURRENT)),198.17359924316406,4
750,MEAN(previous.STD(credit.AMT_DRAWINGS_OTHER_CURRENT)),0.0,0
751,MEAN(previous.STD(credit.AMT_DRAWINGS_POS_CURRENT)),0.0,0
752,MEAN(previous.STD(credit.AMT_INST_MIN_REGULARITY)),123.68090057373047,3
753,MEAN(previous.STD(credit.AMT_PAYMENT_CURRENT)),258.02980041503906,6
754,MEAN(previous.STD(credit.AMT_PAYMENT_TOTAL_CURRENT)),52.5443000793457,1
755,MEAN(previous.STD(credit.AMT_RECEIVABLE_PRINCIPAL)),158.0910987854004,4
756,MEAN(previous.STD(credit.AMT_RECIVABLE)),41.37779998779297,1
757,MEAN(previous.STD(credit.AMT_TOTAL_RECEIVABLE)),0.0,0
758,MEAN(previous.STD(credit.CNT_DRAWINGS_ATM_CURRENT)),2625.1312828063965,31
759,MEAN(previous.STD(credit.CNT_DRAWINGS_CURRENT)),1902.9071083068848,30
760,MEAN(previous.STD(credit.CNT_DRAWINGS_OTHER_CURRENT)),0.0,0
761,MEAN(previous.STD(credit.CNT_DRAWINGS_POS_CURRENT)),34.2041015625,1
762,MEAN(previous.STD(credit.CNT_INSTALMENT_MATURE_CUM)),0.0,0
763,MEAN(previous.STD(credit.MONTHS_BALANCE)),35.9557991027832,1
764,MEAN(previous.STD(credit.SK_DPD)),0.0,0
765,MEAN(previous.STD(credit.SK_DPD_DEF)),0.0,0
766,MEAN(previous.STD(credit.SK_ID_CURR)),0.0,0
767,MEAN(previous.STD(installments.AMT_INSTALMENT)),1286.0559883117676,27
768,MEAN(previous.STD(installments.AMT_PAYMENT)),978.7805042266846,23
769,MEAN(previous.STD(installments.DAYS_ENTRY_PAYMENT)),548.6830024719238,13
770,MEAN(previous.STD(installments.DAYS_INSTALMENT)),544.8990020751953,13
771,MEAN(previous.STD(installments.NUM_INSTALMENT_NUMBER)),2083.559591293335,36
772,MEAN(previous.STD(installments.NUM_INSTALMENT_VERSION)),1144.8733940124512,23
773,MEAN(previous.STD(installments.SK_ID_CURR)),0.0,0
774,MEAN(previous.STD(installments.diff)),266.1342964172363,6
775,MEAN(previous.SUM(cash.CNT_INSTALMENT)),1121.5635070800781,25
776,MEAN(previous.SUM(cash.CNT_INSTALMENT_FUTURE)),528.0288009643555,12
777,MEAN(previous.SUM(cash.MONTHS_BALANCE)),6202.239305496216,113
778,MEAN(previous.SUM(cash.SK_DPD)),383.58040046691895,9
779,MEAN(previous.SUM(cash.SK_DPD_DEF)),3528.778100967407,62
780,MEAN(previous.SUM(cash.SK_ID_CURR)),5607.60426902771,100
781,MEAN(previous.SUM(credit.AMT_BALANCE)),183.50030136108398,4
782,MEAN(previous.SUM(credit.AMT_CREDIT_LIMIT_ACTUAL)),308.9074020385742,7
783,MEAN(previous.SUM(credit.AMT_DRAWINGS_ATM_CURRENT)),233.62339782714844,4
784,MEAN(previous.SUM(credit.AMT_DRAWINGS_CURRENT)),83.06529998779297,2
785,MEAN(previous.SUM(credit.AMT_DRAWINGS_OTHER_CURRENT)),35.13759994506836,1
786,MEAN(previous.SUM(credit.AMT_DRAWINGS_POS_CURRENT)),351.9309997558594,8
787,MEAN(previous.SUM(credit.AMT_INST_MIN_REGULARITY)),90.6426010131836,2
788,MEAN(previous.SUM(credit.AMT_PAYMENT_CURRENT)),399.0965003967285,10
789,MEAN(previous.SUM(credit.AMT_PAYMENT_TOTAL_CURRENT)),425.9547996520996,10
790,MEAN(previous.SUM(credit.AMT_RECEIVABLE_PRINCIPAL)),38.870201110839844,1
791,MEAN(previous.SUM(credit.AMT_RECIVABLE)),131.85120010375977,3
792,MEAN(previous.SUM(credit.AMT_TOTAL_RECEIVABLE)),0.0,0
793,MEAN(previous.SUM(credit.CNT_DRAWINGS_ATM_CURRENT)),276.48669815063477,5
794,MEAN(previous.SUM(credit.CNT_DRAWINGS_CURRENT)),205.3831024169922,4
795,MEAN(previous.SUM(credit.CNT_DRAWINGS_OTHER_CURRENT)),32.6796989440918,1
796,MEAN(previous.SUM(credit.CNT_DRAWINGS_POS_CURRENT)),176.31219863891602,4
797,MEAN(previous.SUM(credit.CNT_INSTALMENT_MATURE_CUM)),140.76330184936523,3
798,MEAN(previous.SUM(credit.MONTHS_BALANCE)),136.99220275878906,3
799,MEAN(previous.SUM(credit.SK_DPD)),95.3296012878418,2
800,MEAN(previous.SUM(credit.SK_DPD_DEF)),44.740699768066406,1
801,MEAN(previous.SUM(credit.SK_ID_CURR)),282.2770004272461,7
802,MEAN(previous.SUM(installments.AMT_INSTALMENT)),5781.685104370117,113
803,MEAN(previous.SUM(installments.AMT_PAYMENT)),12346.368606567383,187
804,MEAN(previous.SUM(installments.DAYS_ENTRY_PAYMENT)),4496.759792327881,83
805,MEAN(previous.SUM(installments.DAYS_INSTALMENT)),2963.497184753418,54
806,MEAN(previous.SUM(installments.NUM_INSTALMENT_NUMBER)),894.5336952209473,20
807,MEAN(previous.SUM(installments.NUM_INSTALMENT_VERSION)),9903.25768661499,134
808,MEAN(previous.SUM(installments.SK_ID_CURR)),2042.506212234497,45
809,MEAN(previous.SUM(installments.diff)),812.1525001525879,18
810,MIN(previous.COUNT(cash)),45.68880081176758,1
811,MIN(previous.COUNT(credit)),0.0,0
812,MIN(previous.COUNT(installments)),97.86790084838867,3
813,MIN(previous.MAX(cash.CNT_INSTALMENT)),241.11470413208008,4
814,MIN(previous.MAX(cash.CNT_INSTALMENT_FUTURE)),134.18299865722656,3
815,MIN(previous.MAX(cash.MONTHS_BALANCE)),199.9320945739746,3
816,MIN(previous.MAX(cash.SK_DPD)),864.1954956054688,17
817,MIN(previous.MAX(cash.SK_DPD_DEF)),1336.466896057129,28
818,MIN(previous.MAX(cash.SK_ID_CURR)),0.0,0
819,MIN(previous.MAX(credit.AMT_BALANCE)),136.29399871826172,3
820,MIN(previous.MAX(credit.AMT_CREDIT_LIMIT_ACTUAL)),47.737701416015625,1
821,MIN(previous.MAX(credit.AMT_DRAWINGS_ATM_CURRENT)),78.470703125,1
822,MIN(previous.MAX(credit.AMT_DRAWINGS_CURRENT)),0.0,0
823,MIN(previous.MAX(credit.AMT_DRAWINGS_OTHER_CURRENT)),0.0,0
824,MIN(previous.MAX(credit.AMT_DRAWINGS_POS_CURRENT)),39.29159927368164,1
825,MIN(previous.MAX(credit.AMT_INST_MIN_REGULARITY)),0.0,0
826,MIN(previous.MAX(credit.AMT_PAYMENT_CURRENT)),585.2076988220215,10
827,MIN(previous.MAX(credit.AMT_PAYMENT_TOTAL_CURRENT)),81.15640258789062,2
828,MIN(previous.MAX(credit.AMT_RECEIVABLE_PRINCIPAL)),0.0,0
829,MIN(previous.MAX(credit.AMT_RECIVABLE)),87.66889953613281,2
830,MIN(previous.MAX(credit.AMT_TOTAL_RECEIVABLE)),0.0,0
831,MIN(previous.MAX(credit.CNT_DRAWINGS_ATM_CURRENT)),126.56460189819336,2
832,MIN(previous.MAX(credit.CNT_DRAWINGS_CURRENT)),48.1072998046875,1
833,MIN(previous.MAX(credit.CNT_DRAWINGS_OTHER_CURRENT)),0.0,0
834,MIN(previous.MAX(credit.CNT_DRAWINGS_POS_CURRENT)),0.0,0
835,MIN(previous.MAX(credit.CNT_INSTALMENT_MATURE_CUM)),0.0,0
836,MIN(previous.MAX(credit.MONTHS_BALANCE)),0.0,0
837,MIN(previous.MAX(credit.SK_DPD)),0.0,0
838,MIN(previous.MAX(credit.SK_DPD_DEF)),0.0,0
839,MIN(previous.MAX(credit.SK_ID_CURR)),0.0,0
840,MIN(previous.MAX(installments.AMT_INSTALMENT)),1619.647783279419,39
841,MIN(previous.MAX(installments.AMT_PAYMENT)),1100.8760051727295,24
842,MIN(previous.MAX(installments.DAYS_ENTRY_PAYMENT)),234.7483024597168,6
843,MIN(previous.MAX(installments.DAYS_INSTALMENT)),161.95029830932617,4
844,MIN(previous.MAX(installments.NUM_INSTALMENT_NUMBER)),1877.7990989685059,26
845,MIN(previous.MAX(installments.NUM_INSTALMENT_VERSION)),256.1097946166992,5
846,MIN(previous.MAX(installments.SK_ID_CURR)),0.0,0
847,MIN(previous.MAX(installments.diff)),0.0,0
848,MIN(previous.MEAN(cash.CNT_INSTALMENT)),877.5023097991943,19
849,MIN(previous.MEAN(cash.CNT_INSTALMENT_FUTURE)),1603.6399040222168,31
850,MIN(previous.MEAN(cash.MONTHS_BALANCE)),424.11939239501953,7
851,MIN(previous.MEAN(cash.SK_DPD)),1488.7902946472168,28
852,MIN(previous.MEAN(cash.SK_DPD_DEF)),3464.247095108032,59
853,MIN(previous.MEAN(cash.SK_ID_CURR)),0.0,0
854,MIN(previous.MEAN(credit.AMT_BALANCE)),167.1616973876953,3
855,MIN(previous.MEAN(credit.AMT_CREDIT_LIMIT_ACTUAL)),95.04879760742188,2
856,MIN(previous.MEAN(credit.AMT_DRAWINGS_ATM_CURRENT)),1043.4109916687012,16
857,MIN(previous.MEAN(credit.AMT_DRAWINGS_CURRENT)),33.850101470947266,1
858,MIN(previous.MEAN(credit.AMT_DRAWINGS_OTHER_CURRENT)),0.0,0
859,MIN(previous.MEAN(credit.AMT_DRAWINGS_POS_CURRENT)),45.17250061035156,1
860,MIN(previous.MEAN(credit.AMT_INST_MIN_REGULARITY)),0.0,0
861,MIN(previous.MEAN(credit.AMT_PAYMENT_CURRENT)),268.7500915527344,6
862,MIN(previous.MEAN(credit.AMT_PAYMENT_TOTAL_CURRENT)),235.61669921875,6
863,MIN(previous.MEAN(credit.AMT_RECEIVABLE_PRINCIPAL)),299.59729385375977,5
864,MIN(previous.MEAN(credit.AMT_RECIVABLE)),241.66270065307617,5
865,MIN(previous.MEAN(credit.AMT_TOTAL_RECEIVABLE)),62.114200592041016,1
866,MIN(previous.MEAN(credit.CNT_DRAWINGS_ATM_CURRENT)),6410.927421569824,64
867,MIN(previous.MEAN(credit.CNT_DRAWINGS_CURRENT)),1480.977710723877,21
868,MIN(previous.MEAN(credit.CNT_DRAWINGS_OTHER_CURRENT)),0.0,0
869,MIN(previous.MEAN(credit.CNT_DRAWINGS_POS_CURRENT)),0.0,0
870,MIN(previous.MEAN(credit.CNT_INSTALMENT_MATURE_CUM)),45.33340072631836,1
871,MIN(previous.MEAN(credit.MONTHS_BALANCE)),0.0,0
872,MIN(previous.MEAN(credit.SK_DPD)),251.6531982421875,5
873,MIN(previous.MEAN(credit.SK_DPD_DEF)),0.0,0
874,MIN(previous.MEAN(credit.SK_ID_CURR)),0.0,0
875,MIN(previous.MEAN(installments.AMT_INSTALMENT)),1399.7541007995605,34
876,MIN(previous.MEAN(installments.AMT_PAYMENT)),1909.3878059387207,40
877,MIN(previous.MEAN(installments.DAYS_ENTRY_PAYMENT)),330.65299797058105,8
878,MIN(previous.MEAN(installments.DAYS_INSTALMENT)),671.0826950073242,12
879,MIN(previous.MEAN(installments.NUM_INSTALMENT_NUMBER)),647.7642974853516,16
880,MIN(previous.MEAN(installments.NUM_INSTALMENT_VERSION)),260.2755012512207,5
881,MIN(previous.MEAN(installments.SK_ID_CURR)),0.0,0
882,MIN(previous.MEAN(installments.diff)),962.9172954559326,23
883,MIN(previous.STD(cash.CNT_INSTALMENT)),1350.9423942565918,26
884,MIN(previous.STD(cash.CNT_INSTALMENT_FUTURE)),1331.2693996429443,29
885,MIN(previous.STD(cash.MONTHS_BALANCE)),435.3768005371094,11
886,MIN(previous.STD(cash.SK_DPD)),1141.9507904052734,22
887,MIN(previous.STD(cash.SK_DPD_DEF)),2458.5816955566406,42
888,MIN(previous.STD(cash.SK_ID_CURR)),0.0,0
889,MIN(previous.STD(credit.AMT_BALANCE)),0.0,0
890,MIN(previous.STD(credit.AMT_CREDIT_LIMIT_ACTUAL)),131.46059799194336,3
891,MIN(previous.STD(credit.AMT_DRAWINGS_ATM_CURRENT)),341.24770164489746,8
892,MIN(previous.STD(credit.AMT_DRAWINGS_CURRENT)),214.16809844970703,4
893,MIN(previous.STD(credit.AMT_DRAWINGS_OTHER_CURRENT)),0.0,0
894,MIN(previous.STD(credit.AMT_DRAWINGS_POS_CURRENT)),32.34379959106445,1
895,MIN(previous.STD(credit.AMT_INST_MIN_REGULARITY)),0.0,0
896,MIN(previous.STD(credit.AMT_PAYMENT_CURRENT)),164.9636001586914,3
897,MIN(previous.STD(credit.AMT_PAYMENT_TOTAL_CURRENT)),149.1932029724121,3
898,MIN(previous.STD(credit.AMT_RECEIVABLE_PRINCIPAL)),59.27439880371094,1
899,MIN(previous.STD(credit.AMT_RECIVABLE)),0.0,0
900,MIN(previous.STD(credit.AMT_TOTAL_RECEIVABLE)),0.0,0
901,MIN(previous.STD(credit.CNT_DRAWINGS_ATM_CURRENT)),3382.403787612915,57
902,MIN(previous.STD(credit.CNT_DRAWINGS_CURRENT)),1318.4904041290283,21
903,MIN(previous.STD(credit.CNT_DRAWINGS_OTHER_CURRENT)),0.0,0
904,MIN(previous.STD(credit.CNT_DRAWINGS_POS_CURRENT)),28.957399368286133,1
905,MIN(previous.STD(credit.CNT_INSTALMENT_MATURE_CUM)),122.12249755859375,2
906,MIN(previous.STD(credit.MONTHS_BALANCE)),0.0,0
907,MIN(previous.STD(credit.SK_DPD)),38.76639938354492,1
908,MIN(previous.STD(credit.SK_DPD_DEF)),0.0,0
909,MIN(previous.STD(credit.SK_ID_CURR)),0.0,0
910,MIN(previous.STD(installments.AMT_INSTALMENT)),1049.5050945281982,24
911,MIN(previous.STD(installments.AMT_PAYMENT)),1657.1870956420898,35
912,MIN(previous.STD(installments.DAYS_ENTRY_PAYMENT)),1405.2082901000977,32
913,MIN(previous.STD(installments.DAYS_INSTALMENT)),287.2982978820801,7
914,MIN(previous.STD(installments.NUM_INSTALMENT_NUMBER)),2204.0801906585693,35
915,MIN(previous.STD(installments.NUM_INSTALMENT_VERSION)),385.9922981262207,8
916,MIN(previous.STD(installments.SK_ID_CURR)),0.0,0
917,MIN(previous.STD(installments.diff)),630.8132057189941,12
918,MIN(previous.SUM(cash.CNT_INSTALMENT)),0.0,0
919,MIN(previous.SUM(cash.CNT_INSTALMENT_FUTURE)),0.0,0
920,MIN(previous.SUM(cash.MONTHS_BALANCE)),471.7919979095459,11
921,MIN(previous.SUM(cash.SK_DPD)),68.57719802856445,2
922,MIN(previous.SUM(cash.SK_DPD_DEF)),101.11439895629883,3
923,MIN(previous.SUM(cash.SK_ID_CURR)),83.94770050048828,2
924,MIN(previous.SUM(credit.AMT_BALANCE)),0.0,0
925,MIN(previous.SUM(credit.AMT_CREDIT_LIMIT_ACTUAL)),0.0,0
926,MIN(previous.SUM(credit.AMT_DRAWINGS_ATM_CURRENT)),0.0,0
927,MIN(previous.SUM(credit.AMT_DRAWINGS_CURRENT)),0.0,0
928,MIN(previous.SUM(credit.AMT_DRAWINGS_OTHER_CURRENT)),0.0,0
929,MIN(previous.SUM(credit.AMT_DRAWINGS_POS_CURRENT)),0.0,0
930,MIN(previous.SUM(credit.AMT_INST_MIN_REGULARITY)),0.0,0
931,MIN(previous.SUM(credit.AMT_PAYMENT_CURRENT)),0.0,0
932,MIN(previous.SUM(credit.AMT_PAYMENT_TOTAL_CURRENT)),0.0,0
933,MIN(previous.SUM(credit.AMT_RECEIVABLE_PRINCIPAL)),0.0,0
934,MIN(previous.SUM(credit.AMT_RECIVABLE)),0.0,0
935,MIN(previous.SUM(credit.AMT_TOTAL_RECEIVABLE)),0.0,0
936,MIN(previous.SUM(credit.CNT_DRAWINGS_ATM_CURRENT)),0.0,0
937,MIN(previous.SUM(credit.CNT_DRAWINGS_CURRENT)),0.0,0
938,MIN(previous.SUM(credit.CNT_DRAWINGS_OTHER_CURRENT)),0.0,0
939,MIN(previous.SUM(credit.CNT_DRAWINGS_POS_CURRENT)),0.0,0
940,MIN(previous.SUM(credit.CNT_INSTALMENT_MATURE_CUM)),0.0,0
941,MIN(previous.SUM(credit.MONTHS_BALANCE)),0.0,0
942,MIN(previous.SUM(credit.SK_DPD)),0.0,0
943,MIN(previous.SUM(credit.SK_DPD_DEF)),0.0,0
944,MIN(previous.SUM(credit.SK_ID_CURR)),0.0,0
945,MIN(previous.SUM(installments.AMT_INSTALMENT)),107.29409980773926,3
946,MIN(previous.SUM(installments.AMT_PAYMENT)),376.114803314209,6
947,MIN(previous.SUM(installments.DAYS_ENTRY_PAYMENT)),836.1052017211914,15
948,MIN(previous.SUM(installments.DAYS_INSTALMENT)),931.1633949279785,18
949,MIN(previous.SUM(installments.NUM_INSTALMENT_NUMBER)),38.87710189819336,1
950,MIN(previous.SUM(installments.NUM_INSTALMENT_VERSION)),38.74259948730469,1
951,MIN(previous.SUM(installments.SK_ID_CURR)),330.4369010925293,7
952,MIN(previous.SUM(installments.diff)),736.0725021362305,15
953,STD(previous.COUNT(cash)),1153.31888961792,25
954,STD(previous.COUNT(credit)),310.7764015197754,8
955,STD(previous.COUNT(installments)),563.0959968566895,14
956,STD(previous.MAX(cash.CNT_INSTALMENT)),1440.887680053711,22
957,STD(previous.MAX(cash.CNT_INSTALMENT_FUTURE)),1298.006685256958,20
958,STD(previous.MAX(cash.MONTHS_BALANCE)),990.356086730957,20
959,STD(previous.MAX(cash.SK_DPD)),358.3584976196289,8
960,STD(previous.MAX(cash.SK_DPD_DEF)),1882.9393939971924,38
961,STD(previous.MAX(cash.SK_ID_CURR)),0.0,0
962,STD(previous.MAX(credit.AMT_BALANCE)),0.0,0
963,STD(previous.MAX(credit.AMT_CREDIT_LIMIT_ACTUAL)),0.0,0
964,STD(previous.MAX(credit.AMT_DRAWINGS_ATM_CURRENT)),0.0,0
965,STD(previous.MAX(credit.AMT_DRAWINGS_CURRENT)),0.0,0
966,STD(previous.MAX(credit.AMT_DRAWINGS_OTHER_CURRENT)),0.0,0
967,STD(previous.MAX(credit.AMT_DRAWINGS_POS_CURRENT)),0.0,0
968,STD(previous.MAX(credit.AMT_INST_MIN_REGULARITY)),0.0,0
969,STD(previous.MAX(credit.AMT_PAYMENT_CURRENT)),0.0,0
970,STD(previous.MAX(credit.AMT_PAYMENT_TOTAL_CURRENT)),0.0,0
971,STD(previous.MAX(credit.AMT_RECEIVABLE_PRINCIPAL)),0.0,0
972,STD(previous.MAX(credit.AMT_RECIVABLE)),0.0,0
973,STD(previous.MAX(credit.AMT_TOTAL_RECEIVABLE)),0.0,0
974,STD(previous.MAX(credit.CNT_DRAWINGS_ATM_CURRENT)),0.0,0
975,STD(previous.MAX(credit.CNT_DRAWINGS_CURRENT)),0.0,0
976,STD(previous.MAX(credit.CNT_DRAWINGS_OTHER_CURRENT)),0.0,0
977,STD(previous.MAX(credit.CNT_DRAWINGS_POS_CURRENT)),0.0,0
978,STD(previous.MAX(credit.CNT_INSTALMENT_MATURE_CUM)),0.0,0
979,STD(previous.MAX(credit.MONTHS_BALANCE)),0.0,0
980,STD(previous.MAX(credit.SK_DPD)),0.0,0
981,STD(previous.MAX(credit.SK_DPD_DEF)),0.0,0
982,STD(previous.MAX(credit.SK_ID_CURR)),0.0,0
983,STD(previous.MAX(installments.AMT_INSTALMENT)),1363.4380989074707,31
984,STD(previous.MAX(installments.AMT_PAYMENT)),676.824291229248,15
985,STD(previous.MAX(installments.DAYS_ENTRY_PAYMENT)),1127.6755065917969,22
986,STD(previous.MAX(installments.DAYS_INSTALMENT)),1073.253402709961,22
987,STD(previous.MAX(installments.NUM_INSTALMENT_NUMBER)),521.7954082489014,14
988,STD(previous.MAX(installments.NUM_INSTALMENT_VERSION)),474.74130630493164,12
989,STD(previous.MAX(installments.SK_ID_CURR)),0.0,0
990,STD(previous.MAX(installments.diff)),38.30950164794922,1
991,STD(previous.MEAN(cash.CNT_INSTALMENT)),1243.2027015686035,26
992,STD(previous.MEAN(cash.CNT_INSTALMENT_FUTURE)),10446.788284301758,146
993,STD(previous.MEAN(cash.MONTHS_BALANCE)),1182.8263092041016,25
994,STD(previous.MEAN(cash.SK_DPD)),147.02199935913086,2
995,STD(previous.MEAN(cash.SK_DPD_DEF)),1498.3799114227295,25
996,STD(previous.MEAN(cash.SK_ID_CURR)),0.0,0
997,STD(previous.MEAN(credit.AMT_BALANCE)),0.0,0
998,STD(previous.MEAN(credit.AMT_CREDIT_LIMIT_ACTUAL)),0.0,0
999,STD(previous.MEAN(credit.AMT_DRAWINGS_ATM_CURRENT)),0.0,0
1000,STD(previous.MEAN(credit.AMT_DRAWINGS_CURRENT)),0.0,0
1001,STD(previous.MEAN(credit.AMT_DRAWINGS_OTHER_CURRENT)),0.0,0
1002,STD(previous.MEAN(credit.AMT_DRAWINGS_POS_CURRENT)),0.0,0
1003,STD(previous.MEAN(credit.AMT_INST_MIN_REGULARITY)),0.0,0
1004,STD(previous.MEAN(credit.AMT_PAYMENT_CURRENT)),0.0,0
1005,STD(previous.MEAN(credit.AMT_PAYMENT_TOTAL_CURRENT)),0.0,0
1006,STD(previous.MEAN(credit.AMT_RECEIVABLE_PRINCIPAL)),0.0,0
1007,STD(previous.MEAN(credit.AMT_RECIVABLE)),0.0,0
1008,STD(previous.MEAN(credit.AMT_TOTAL_RECEIVABLE)),0.0,0
1009,STD(previous.MEAN(credit.CNT_DRAWINGS_ATM_CURRENT)),0.0,0
1010,STD(previous.MEAN(credit.CNT_DRAWINGS_CURRENT)),0.0,0
1011,STD(previous.MEAN(credit.CNT_DRAWINGS_OTHER_CURRENT)),0.0,0
1012,STD(previous.MEAN(credit.CNT_DRAWINGS_POS_CURRENT)),0.0,0
1013,STD(previous.MEAN(credit.CNT_INSTALMENT_MATURE_CUM)),0.0,0
1014,STD(previous.MEAN(credit.MONTHS_BALANCE)),0.0,0
1015,STD(previous.MEAN(credit.SK_DPD)),0.0,0
1016,STD(previous.MEAN(credit.SK_DPD_DEF)),0.0,0
1017,STD(previous.MEAN(credit.SK_ID_CURR)),0.0,0
1018,STD(previous.MEAN(installments.AMT_INSTALMENT)),603.4157981872559,14
1019,STD(previous.MEAN(installments.AMT_PAYMENT)),807.0416088104248,16
1020,STD(previous.MEAN(installments.DAYS_ENTRY_PAYMENT)),930.5825958251953,22
1021,STD(previous.MEAN(installments.DAYS_INSTALMENT)),918.9878063201904,17
1022,STD(previous.MEAN(installments.NUM_INSTALMENT_NUMBER)),744.5930023193359,17
1023,STD(previous.MEAN(installments.NUM_INSTALMENT_VERSION)),915.6710090637207,20
1024,STD(previous.MEAN(installments.SK_ID_CURR)),0.0,0
1025,STD(previous.MEAN(installments.diff)),616.2557964324951,14
1026,STD(previous.MIN(cash.CNT_INSTALMENT)),609.8951950073242,16
1027,STD(previous.MIN(cash.CNT_INSTALMENT_FUTURE)),1650.0653038024902,38
1028,STD(previous.MIN(cash.MONTHS_BALANCE)),988.4822120666504,16
1029,STD(previous.MIN(cash.SK_DPD)),0.0,0
1030,STD(previous.MIN(cash.SK_DPD_DEF)),0.0,0
1031,STD(previous.MIN(cash.SK_ID_CURR)),0.0,0
1032,STD(previous.MIN(credit.AMT_BALANCE)),0.0,0
1033,STD(previous.MIN(credit.AMT_CREDIT_LIMIT_ACTUAL)),0.0,0
1034,STD(previous.MIN(credit.AMT_DRAWINGS_ATM_CURRENT)),0.0,0
1035,STD(previous.MIN(credit.AMT_DRAWINGS_CURRENT)),0.0,0
1036,STD(previous.MIN(credit.AMT_DRAWINGS_OTHER_CURRENT)),0.0,0
1037,STD(previous.MIN(credit.AMT_DRAWINGS_POS_CURRENT)),0.0,0
1038,STD(previous.MIN(credit.AMT_INST_MIN_REGULARITY)),0.0,0
1039,STD(previous.MIN(credit.AMT_PAYMENT_CURRENT)),0.0,0
1040,STD(previous.MIN(credit.AMT_PAYMENT_TOTAL_CURRENT)),0.0,0
1041,STD(previous.MIN(credit.AMT_RECEIVABLE_PRINCIPAL)),0.0,0
1042,STD(previous.MIN(credit.AMT_RECIVABLE)),0.0,0
1043,STD(previous.MIN(credit.AMT_TOTAL_RECEIVABLE)),0.0,0
1044,STD(previous.MIN(credit.CNT_DRAWINGS_ATM_CURRENT)),0.0,0
1045,STD(previous.MIN(credit.CNT_DRAWINGS_CURRENT)),0.0,0
1046,STD(previous.MIN(credit.CNT_DRAWINGS_OTHER_CURRENT)),0.0,0
1047,STD(previous.MIN(credit.CNT_DRAWINGS_POS_CURRENT)),0.0,0
1048,STD(previous.MIN(credit.CNT_INSTALMENT_MATURE_CUM)),0.0,0
1049,STD(previous.MIN(credit.MONTHS_BALANCE)),0.0,0
1050,STD(previous.MIN(credit.SK_DPD)),0.0,0
1051,STD(previous.MIN(credit.SK_DPD_DEF)),0.0,0
1052,STD(previous.MIN(credit.SK_ID_CURR)),0.0,0
1053,STD(previous.MIN(installments.AMT_INSTALMENT)),620.9397068023682,16
1054,STD(previous.MIN(installments.AMT_PAYMENT)),1334.8167934417725,31
1055,STD(previous.MIN(installments.DAYS_ENTRY_PAYMENT)),384.22119903564453,9
1056,STD(previous.MIN(installments.DAYS_INSTALMENT)),774.8094062805176,14
1057,STD(previous.MIN(installments.NUM_INSTALMENT_NUMBER)),0.0,0
1058,STD(previous.MIN(installments.NUM_INSTALMENT_VERSION)),664.7056007385254,11
1059,STD(previous.MIN(installments.SK_ID_CURR)),0.0,0
1060,STD(previous.MIN(installments.diff)),821.7485027313232,20
1061,STD(previous.SUM(cash.CNT_INSTALMENT)),485.61670684814453,10
1062,STD(previous.SUM(cash.CNT_INSTALMENT_FUTURE)),441.5349998474121,10
1063,STD(previous.SUM(cash.MONTHS_BALANCE)),1531.8590049743652,32
1064,STD(previous.SUM(cash.SK_DPD)),525.2924995422363,11
1065,STD(previous.SUM(cash.SK_DPD_DEF)),959.2118949890137,20
1066,STD(previous.SUM(cash.SK_ID_CURR)),1443.6969089508057,33
1067,STD(previous.SUM(credit.AMT_BALANCE)),255.56410217285156,5
1068,STD(previous.SUM(credit.AMT_CREDIT_LIMIT_ACTUAL)),304.28189849853516,6
1069,STD(previous.SUM(credit.AMT_DRAWINGS_ATM_CURRENT)),435.0181999206543,10
1070,STD(previous.SUM(credit.AMT_DRAWINGS_CURRENT)),384.1323051452637,9
1071,STD(previous.SUM(credit.AMT_DRAWINGS_OTHER_CURRENT)),0.0,0
1072,STD(previous.SUM(credit.AMT_DRAWINGS_POS_CURRENT)),488.1125030517578,11
1073,STD(previous.SUM(credit.AMT_INST_MIN_REGULARITY)),117.2140998840332,3
1074,STD(previous.SUM(credit.AMT_PAYMENT_CURRENT)),502.8188018798828,11
1075,STD(previous.SUM(credit.AMT_PAYMENT_TOTAL_CURRENT)),277.13750076293945,6
1076,STD(previous.SUM(credit.AMT_RECEIVABLE_PRINCIPAL)),0.0,0
1077,STD(previous.SUM(credit.AMT_RECIVABLE)),45.83689880371094,1
1078,STD(previous.SUM(credit.AMT_TOTAL_RECEIVABLE)),31.23419952392578,1
1079,STD(previous.SUM(credit.CNT_DRAWINGS_ATM_CURRENT)),697.8471984863281,17
1080,STD(previous.SUM(credit.CNT_DRAWINGS_CURRENT)),465.9480972290039,10
1081,STD(previous.SUM(credit.CNT_DRAWINGS_OTHER_CURRENT)),73.29710006713867,2
1082,STD(previous.SUM(credit.CNT_DRAWINGS_POS_CURRENT)),525.107400894165,12
1083,STD(previous.SUM(credit.CNT_INSTALMENT_MATURE_CUM)),200.21809768676758,5
1084,STD(previous.SUM(credit.MONTHS_BALANCE)),280.0157985687256,6
1085,STD(previous.SUM(credit.SK_DPD)),35.86130142211914,1
1086,STD(previous.SUM(credit.SK_DPD_DEF)),35.85139846801758,1
1087,STD(previous.SUM(credit.SK_ID_CURR)),341.7509002685547,9
1088,STD(previous.SUM(installments.AMT_INSTALMENT)),963.8429088592529,22
1089,STD(previous.SUM(installments.AMT_PAYMENT)),1447.7802047729492,30
1090,STD(previous.SUM(installments.DAYS_ENTRY_PAYMENT)),805.2703037261963,20
1091,STD(previous.SUM(installments.DAYS_INSTALMENT)),764.3299922943115,17
1092,STD(previous.SUM(installments.NUM_INSTALMENT_NUMBER)),446.1023006439209,11
1093,STD(previous.SUM(installments.NUM_INSTALMENT_VERSION)),1076.033800125122,24
1094,STD(previous.SUM(installments.SK_ID_CURR)),639.8512058258057,15
1095,STD(previous.SUM(installments.diff)),798.567699432373,18
1096,SUM(previous.MAX(cash.CNT_INSTALMENT)),323.34190368652344,8
1097,SUM(previous.MAX(cash.CNT_INSTALMENT_FUTURE)),46.930599212646484,1
1098,SUM(previous.MAX(cash.MONTHS_BALANCE)),241.28469848632812,5
1099,SUM(previous.MAX(cash.SK_DPD)),302.100399017334,7
1100,SUM(previous.MAX(cash.SK_DPD_DEF)),1220.727108001709,27
1101,SUM(previous.MAX(cash.SK_ID_CURR)),548.1611976623535,14
1102,SUM(previous.MAX(credit.AMT_BALANCE)),148.29109573364258,3
1103,SUM(previous.MAX(credit.AMT_CREDIT_LIMIT_ACTUAL)),0.0,0
1104,SUM(previous.MAX(credit.AMT_DRAWINGS_ATM_CURRENT)),37.229698181152344,1
1105,SUM(previous.MAX(credit.AMT_DRAWINGS_CURRENT)),162.7307014465332,3
1106,SUM(previous.MAX(credit.AMT_DRAWINGS_OTHER_CURRENT)),0.0,0
1107,SUM(previous.MAX(credit.AMT_DRAWINGS_POS_CURRENT)),0.0,0
1108,SUM(previous.MAX(credit.AMT_INST_MIN_REGULARITY)),0.0,0
1109,SUM(previous.MAX(credit.AMT_PAYMENT_CURRENT)),0.0,0
1110,SUM(previous.MAX(credit.AMT_PAYMENT_TOTAL_CURRENT)),0.0,0
1111,SUM(previous.MAX(credit.AMT_RECEIVABLE_PRINCIPAL)),36.1510009765625,1
1112,SUM(previous.MAX(credit.AMT_RECIVABLE)),47.43119812011719,1
1113,SUM(previous.MAX(credit.AMT_TOTAL_RECEIVABLE)),0.0,0
1114,SUM(previous.MAX(credit.CNT_DRAWINGS_ATM_CURRENT)),364.5446014404297,8
1115,SUM(previous.MAX(credit.CNT_DRAWINGS_CURRENT)),178.4186019897461,3
1116,SUM(previous.MAX(credit.CNT_DRAWINGS_OTHER_CURRENT)),0.0,0
1117,SUM(previous.MAX(credit.CNT_DRAWINGS_POS_CURRENT)),0.0,0
1118,SUM(previous.MAX(credit.CNT_INSTALMENT_MATURE_CUM)),0.0,0
1119,SUM(previous.MAX(credit.MONTHS_BALANCE)),32.83580017089844,1
1120,SUM(previous.MAX(credit.SK_DPD)),0.0,0
1121,SUM(previous.MAX(credit.SK_DPD_DEF)),0.0,0
1122,SUM(previous.MAX(credit.SK_ID_CURR)),92.87950134277344,2
1123,SUM(previous.MAX(installments.AMT_INSTALMENT)),1270.5851974487305,29
1124,SUM(previous.MAX(installments.AMT_PAYMENT)),591.810302734375,13
1125,SUM(previous.MAX(installments.DAYS_ENTRY_PAYMENT)),284.4207000732422,6
1126,SUM(previous.MAX(installments.DAYS_INSTALMENT)),153.59890174865723,4
1127,SUM(previous.MAX(installments.NUM_INSTALMENT_NUMBER)),773.7730045318604,16
1128,SUM(previous.MAX(installments.NUM_INSTALMENT_VERSION)),0.0,0
1129,SUM(previous.MAX(installments.SK_ID_CURR)),559.6839008331299,14
1130,SUM(previous.MAX(installments.diff)),74.26749992370605,2
1131,SUM(previous.MEAN(cash.CNT_INSTALMENT)),434.431095123291,10
1132,SUM(previous.MEAN(cash.CNT_INSTALMENT_FUTURE)),1231.399492263794,29
1133,SUM(previous.MEAN(cash.MONTHS_BALANCE)),107.47629928588867,3
1134,SUM(previous.MEAN(cash.SK_DPD)),149.2696990966797,3
1135,SUM(previous.MEAN(cash.SK_DPD_DEF)),1132.7733879089355,18
1136,SUM(previous.MEAN(cash.SK_ID_CURR)),257.1336975097656,6
1137,SUM(previous.MEAN(credit.AMT_BALANCE)),401.2928009033203,9
1138,SUM(previous.MEAN(credit.AMT_CREDIT_LIMIT_ACTUAL)),64.14720153808594,2
1139,SUM(previous.MEAN(credit.AMT_DRAWINGS_ATM_CURRENT)),588.6836013793945,9
1140,SUM(previous.MEAN(credit.AMT_DRAWINGS_CURRENT)),44.38169860839844,1
1141,SUM(previous.MEAN(credit.AMT_DRAWINGS_OTHER_CURRENT)),0.0,0
1142,SUM(previous.MEAN(credit.AMT_DRAWINGS_POS_CURRENT)),33.13719940185547,1
1143,SUM(previous.MEAN(credit.AMT_INST_MIN_REGULARITY)),42.71440124511719,1
1144,SUM(previous.MEAN(credit.AMT_PAYMENT_CURRENT)),0.0,0
1145,SUM(previous.MEAN(credit.AMT_PAYMENT_TOTAL_CURRENT)),54.54690170288086,1
1146,SUM(previous.MEAN(credit.AMT_RECEIVABLE_PRINCIPAL)),148.27859497070312,3
1147,SUM(previous.MEAN(credit.AMT_RECIVABLE)),197.05630493164062,4
1148,SUM(previous.MEAN(credit.AMT_TOTAL_RECEIVABLE)),0.0,0
1149,SUM(previous.MEAN(credit.CNT_DRAWINGS_ATM_CURRENT)),6228.0762939453125,63
1150,SUM(previous.MEAN(credit.CNT_DRAWINGS_CURRENT)),456.8329048156738,8
1151,SUM(previous.MEAN(credit.CNT_DRAWINGS_OTHER_CURRENT)),0.0,0
1152,SUM(previous.MEAN(credit.CNT_DRAWINGS_POS_CURRENT)),0.0,0
1153,SUM(previous.MEAN(credit.CNT_INSTALMENT_MATURE_CUM)),0.0,0
1154,SUM(previous.MEAN(credit.MONTHS_BALANCE)),0.0,0
1155,SUM(previous.MEAN(credit.SK_DPD)),0.0,0
1156,SUM(previous.MEAN(credit.SK_DPD_DEF)),41.702598571777344,1
1157,SUM(previous.MEAN(credit.SK_ID_CURR)),30.664499282836914,1
1158,SUM(previous.MEAN(installments.AMT_INSTALMENT)),378.4349994659424,9
1159,SUM(previous.MEAN(installments.AMT_PAYMENT)),808.2448043823242,18
1160,SUM(previous.MEAN(installments.DAYS_ENTRY_PAYMENT)),587.7667045593262,13
1161,SUM(previous.MEAN(installments.DAYS_INSTALMENT)),138.74069786071777,4
1162,SUM(previous.MEAN(installments.NUM_INSTALMENT_NUMBER)),177.57080078125,4
1163,SUM(previous.MEAN(installments.NUM_INSTALMENT_VERSION)),306.3924026489258,7
1164,SUM(previous.MEAN(installments.SK_ID_CURR)),156.34810256958008,4
1165,SUM(previous.MEAN(installments.diff)),847.2667999267578,21
1166,SUM(previous.MIN(cash.CNT_INSTALMENT)),605.753101348877,12
1167,SUM(previous.MIN(cash.CNT_INSTALMENT_FUTURE)),1155.1574115753174,28
1168,SUM(previous.MIN(cash.MONTHS_BALANCE)),154.62429809570312,3
1169,SUM(previous.MIN(cash.SK_DPD)),0.0,0
1170,SUM(previous.MIN(cash.SK_DPD_DEF)),0.0,0
1171,SUM(previous.MIN(cash.SK_ID_CURR)),0.0,0
1172,SUM(previous.MIN(credit.AMT_BALANCE)),91.63400268554688,1
1173,SUM(previous.MIN(credit.AMT_CREDIT_LIMIT_ACTUAL)),0.0,0
1174,SUM(previous.MIN(credit.AMT_DRAWINGS_ATM_CURRENT)),0.0,0
1175,SUM(previous.MIN(credit.AMT_DRAWINGS_CURRENT)),0.0,0
1176,SUM(previous.MIN(credit.AMT_DRAWINGS_OTHER_CURRENT)),0.0,0
1177,SUM(previous.MIN(credit.AMT_DRAWINGS_POS_CURRENT)),0.0,0
1178,SUM(previous.MIN(credit.AMT_INST_MIN_REGULARITY)),0.0,0
1179,SUM(previous.MIN(credit.AMT_PAYMENT_CURRENT)),0.0,0
1180,SUM(previous.MIN(credit.AMT_PAYMENT_TOTAL_CURRENT)),0.0,0
1181,SUM(previous.MIN(credit.AMT_RECEIVABLE_PRINCIPAL)),115.79590225219727,2
1182,SUM(previous.MIN(credit.AMT_RECIVABLE)),0.0,0
1183,SUM(previous.MIN(credit.AMT_TOTAL_RECEIVABLE)),0.0,0
1184,SUM(previous.MIN(credit.CNT_DRAWINGS_ATM_CURRENT)),0.0,0
1185,SUM(previous.MIN(credit.CNT_DRAWINGS_CURRENT)),0.0,0
1186,SUM(previous.MIN(credit.CNT_DRAWINGS_OTHER_CURRENT)),0.0,0
1187,SUM(previous.MIN(credit.CNT_DRAWINGS_POS_CURRENT)),0.0,0
1188,SUM(previous.MIN(credit.CNT_INSTALMENT_MATURE_CUM)),0.0,0
1189,SUM(previous.MIN(credit.MONTHS_BALANCE)),0.0,0
1190,SUM(previous.MIN(credit.SK_DPD)),0.0,0
1191,SUM(previous.MIN(credit.SK_DPD_DEF)),0.0,0
1192,SUM(previous.MIN(credit.SK_ID_CURR)),0.0,0
1193,SUM(previous.MIN(installments.AMT_INSTALMENT)),2081.883897781372,39
1194,SUM(previous.MIN(installments.AMT_PAYMENT)),14573.00489616394,154
1195,SUM(previous.MIN(installments.DAYS_ENTRY_PAYMENT)),1257.11669921875,21
1196,SUM(previous.MIN(installments.DAYS_INSTALMENT)),446.4341011047363,9
1197,SUM(previous.MIN(installments.NUM_INSTALMENT_NUMBER)),0.0,0
1198,SUM(previous.MIN(installments.NUM_INSTALMENT_VERSION)),27.76930046081543,1
1199,SUM(previous.MIN(installments.SK_ID_CURR)),99.98210144042969,3
1200,SUM(previous.MIN(installments.diff)),927.2319068908691,23
1201,SUM(previous.STD(cash.CNT_INSTALMENT)),1381.1241931915283,30
1202,SUM(previous.STD(cash.CNT_INSTALMENT_FUTURE)),897.1978034973145,18
1203,SUM(previous.STD(cash.MONTHS_BALANCE)),318.9549980163574,7
1204,SUM(previous.STD(cash.SK_DPD)),419.4720001220703,10
1205,SUM(previous.STD(cash.SK_DPD_DEF)),989.7927093505859,22
1206,SUM(previous.STD(cash.SK_ID_CURR)),0.0,0
1207,SUM(previous.STD(credit.AMT_BALANCE)),96.31750106811523,2
1208,SUM(previous.STD(credit.AMT_CREDIT_LIMIT_ACTUAL)),29.66469955444336,1
1209,SUM(previous.STD(credit.AMT_DRAWINGS_ATM_CURRENT)),281.2425003051758,5
1210,SUM(previous.STD(credit.AMT_DRAWINGS_CURRENT)),53.877899169921875,1
1211,SUM(previous.STD(credit.AMT_DRAWINGS_OTHER_CURRENT)),0.0,0
1212,SUM(previous.STD(credit.AMT_DRAWINGS_POS_CURRENT)),40.76649856567383,1
1213,SUM(previous.STD(credit.AMT_INST_MIN_REGULARITY)),113.52429962158203,3
1214,SUM(previous.STD(credit.AMT_PAYMENT_CURRENT)),0.0,0
1215,SUM(previous.STD(credit.AMT_PAYMENT_TOTAL_CURRENT)),104.85359954833984,2
1216,SUM(previous.STD(credit.AMT_RECEIVABLE_PRINCIPAL)),0.0,0
1217,SUM(previous.STD(credit.AMT_RECIVABLE)),0.0,0
1218,SUM(previous.STD(credit.AMT_TOTAL_RECEIVABLE)),0.0,0
1219,SUM(previous.STD(credit.CNT_DRAWINGS_ATM_CURRENT)),1386.832498550415,30
1220,SUM(previous.STD(credit.CNT_DRAWINGS_CURRENT)),181.6113052368164,4
1221,SUM(previous.STD(credit.CNT_DRAWINGS_OTHER_CURRENT)),0.0,0
1222,SUM(previous.STD(credit.CNT_DRAWINGS_POS_CURRENT)),0.0,0
1223,SUM(previous.STD(credit.CNT_INSTALMENT_MATURE_CUM)),34.73509979248047,1
1224,SUM(previous.STD(credit.MONTHS_BALANCE)),0.0,0
1225,SUM(previous.STD(credit.SK_DPD)),0.0,0
1226,SUM(previous.STD(credit.SK_DPD_DEF)),0.0,0
1227,SUM(previous.STD(credit.SK_ID_CURR)),0.0,0
1228,SUM(previous.STD(installments.AMT_INSTALMENT)),564.7146015167236,14
1229,SUM(previous.STD(installments.AMT_PAYMENT)),524.0757942199707,12
1230,SUM(previous.STD(installments.DAYS_ENTRY_PAYMENT)),361.78449630737305,6
1231,SUM(previous.STD(installments.DAYS_INSTALMENT)),570.8498935699463,11
1232,SUM(previous.STD(installments.NUM_INSTALMENT_NUMBER)),527.31689453125,10
1233,SUM(previous.STD(installments.NUM_INSTALMENT_VERSION)),585.4985046386719,14
1234,SUM(previous.STD(installments.SK_ID_CURR)),0.0,0
1235,SUM(previous.STD(installments.diff)),47.3473014831543,1
1236,MAX(cash.previous.AMT_ANNUITY),1971.4716911315918,32
1237,MAX(cash.previous.AMT_APPLICATION),1125.4084091186523,22
1238,MAX(cash.previous.AMT_CREDIT),422.2366027832031,11
1239,MAX(cash.previous.AMT_DOWN_PAYMENT),2352.3248138427734,47
1240,MAX(cash.previous.AMT_GOODS_PRICE),332.0867004394531,7
1241,MAX(cash.previous.CNT_PAYMENT),77.69940185546875,2
1242,MAX(cash.previous.DAYS_DECISION),778.9216995239258,19
1243,MAX(cash.previous.DAYS_FIRST_DRAWING),0.0,0
1244,MAX(cash.previous.DAYS_FIRST_DUE),469.47839736938477,10
1245,MAX(cash.previous.DAYS_LAST_DUE),1101.7012042999268,24
1246,MAX(cash.previous.DAYS_LAST_DUE_1ST_VERSION),5998.145784378052,120
1247,MAX(cash.previous.DAYS_TERMINATION),348.65099716186523,6
1248,MAX(cash.previous.HOUR_APPR_PROCESS_START),593.152099609375,14
1249,MAX(cash.previous.NFLAG_INSURED_ON_APPROVAL),0.0,0
1250,MAX(cash.previous.NFLAG_LAST_APPL_IN_DAY),0.0,0
1251,MAX(cash.previous.RATE_DOWN_PAYMENT),1271.1356105804443,28
1252,MAX(cash.previous.RATE_INTEREST_PRIMARY),0.0,0
1253,MAX(cash.previous.RATE_INTEREST_PRIVILEGED),0.0,0
1254,MAX(cash.previous.SELLERPLACE_AREA),1686.488697052002,37
1255,MEAN(cash.previous.AMT_ANNUITY),1047.0975017547607,23
1256,MEAN(cash.previous.AMT_APPLICATION),794.7180938720703,18
1257,MEAN(cash.previous.AMT_CREDIT),549.1163997650146,13
1258,MEAN(cash.previous.AMT_DOWN_PAYMENT),534.6271934509277,12
1259,MEAN(cash.previous.AMT_GOODS_PRICE),240.62629890441895,6
1260,MEAN(cash.previous.CNT_PAYMENT),1086.4111957550049,23
1261,MEAN(cash.previous.DAYS_DECISION),1060.639699935913,25
1262,MEAN(cash.previous.DAYS_FIRST_DRAWING),0.0,0
1263,MEAN(cash.previous.DAYS_FIRST_DUE),1019.1579093933105,24
1264,MEAN(cash.previous.DAYS_LAST_DUE),238.39100074768066,7
1265,MEAN(cash.previous.DAYS_LAST_DUE_1ST_VERSION),3595.8616065979004,73
1266,MEAN(cash.previous.DAYS_TERMINATION),380.9713020324707,8
1267,MEAN(cash.previous.HOUR_APPR_PROCESS_START),1340.720895767212,33
1268,MEAN(cash.previous.NFLAG_INSURED_ON_APPROVAL),550.3644981384277,14
1269,MEAN(cash.previous.NFLAG_LAST_APPL_IN_DAY),0.0,0
1270,MEAN(cash.previous.RATE_DOWN_PAYMENT),447.2136993408203,12
1271,MEAN(cash.previous.RATE_INTEREST_PRIMARY),0.0,0
1272,MEAN(cash.previous.RATE_INTEREST_PRIVILEGED),0.0,0
1273,MEAN(cash.previous.SELLERPLACE_AREA),620.4444007873535,16
1274,MIN(cash.previous.AMT_ANNUITY),980.1300945281982,22
1275,MIN(cash.previous.AMT_APPLICATION),556.7144012451172,13
1276,MIN(cash.previous.AMT_CREDIT),747.006706237793,18
1277,MIN(cash.previous.AMT_DOWN_PAYMENT),499.2968044281006,11
1278,MIN(cash.previous.AMT_GOODS_PRICE),186.03239822387695,5
1279,MIN(cash.previous.CNT_PAYMENT),236.50209999084473,6
1280,MIN(cash.previous.DAYS_DECISION),262.25980377197266,5
1281,MIN(cash.previous.DAYS_FIRST_DRAWING),0.0,0
1282,MIN(cash.previous.DAYS_FIRST_DUE),232.39559936523438,5
1283,MIN(cash.previous.DAYS_LAST_DUE),340.4872016906738,8
1284,MIN(cash.previous.DAYS_LAST_DUE_1ST_VERSION),594.4885005950928,13
1285,MIN(cash.previous.DAYS_TERMINATION),604.3791046142578,13
1286,MIN(cash.previous.HOUR_APPR_PROCESS_START),711.7730083465576,17
1287,MIN(cash.previous.NFLAG_INSURED_ON_APPROVAL),38.87519836425781,1
1288,MIN(cash.previous.NFLAG_LAST_APPL_IN_DAY),0.0,0
1289,MIN(cash.previous.RATE_DOWN_PAYMENT),201.2058982849121,4
1290,MIN(cash.previous.RATE_INTEREST_PRIMARY),0.0,0
1291,MIN(cash.previous.RATE_INTEREST_PRIVILEGED),0.0,0
1292,MIN(cash.previous.SELLERPLACE_AREA),644.2475051879883,15
1293,STD(cash.previous.AMT_ANNUITY),609.2895965576172,11
1294,STD(cash.previous.AMT_APPLICATION),267.52259826660156,6
1295,STD(cash.previous.AMT_CREDIT),290.1064033508301,6
1296,STD(cash.previous.AMT_DOWN_PAYMENT),2602.4945793151855,29
1297,STD(cash.previous.AMT_GOODS_PRICE),149.0703010559082,3
1298,STD(cash.previous.CNT_PAYMENT),625.3815994262695,11
1299,STD(cash.previous.DAYS_DECISION),794.8888092041016,10
1300,STD(cash.previous.DAYS_FIRST_DRAWING),0.0,0
1301,STD(cash.previous.DAYS_FIRST_DUE),1042.673698425293,15
1302,STD(cash.previous.DAYS_LAST_DUE),594.5229969024658,12
1303,STD(cash.previous.DAYS_LAST_DUE_1ST_VERSION),639.9906044006348,15
1304,STD(cash.previous.DAYS_TERMINATION),850.4137020111084,16
1305,STD(cash.previous.HOUR_APPR_PROCESS_START),539.5845966339111,13
1306,STD(cash.previous.NFLAG_INSURED_ON_APPROVAL),485.2385005950928,12
1307,STD(cash.previous.NFLAG_LAST_APPL_IN_DAY),0.0,0
1308,STD(cash.previous.RATE_DOWN_PAYMENT),831.9403991699219,18
1309,STD(cash.previous.RATE_INTEREST_PRIMARY),0.0,0
1310,STD(cash.previous.RATE_INTEREST_PRIVILEGED),0.0,0
1311,STD(cash.previous.SELLERPLACE_AREA),1026.106101989746,22
1312,SUM(cash.previous.AMT_ANNUITY),1164.424997329712,24
1313,SUM(cash.previous.AMT_APPLICATION),680.4458961486816,14
1314,SUM(cash.previous.AMT_CREDIT),350.04950523376465,7
1315,SUM(cash.previous.AMT_DOWN_PAYMENT),1373.2153968811035,25
1316,SUM(cash.previous.AMT_GOODS_PRICE),244.72079849243164,6
1317,SUM(cash.previous.CNT_PAYMENT),401.51840019226074,9
1318,SUM(cash.previous.DAYS_DECISION),311.26240158081055,6
1319,SUM(cash.previous.DAYS_FIRST_DRAWING),0.0,0
1320,SUM(cash.previous.DAYS_FIRST_DUE),461.0910987854004,11
1321,SUM(cash.previous.DAYS_LAST_DUE),349.3424015045166,9
1322,SUM(cash.previous.DAYS_LAST_DUE_1ST_VERSION),2217.215808868408,43
1323,SUM(cash.previous.DAYS_TERMINATION),412.98669815063477,8
1324,SUM(cash.previous.HOUR_APPR_PROCESS_START),2077.070905685425,37
1325,SUM(cash.previous.NFLAG_INSURED_ON_APPROVAL),78.01319885253906,2
1326,SUM(cash.previous.NFLAG_LAST_APPL_IN_DAY),0.0,0
1327,SUM(cash.previous.RATE_DOWN_PAYMENT),550.572696685791,13
1328,SUM(cash.previous.RATE_INTEREST_PRIMARY),0.0,0
1329,SUM(cash.previous.RATE_INTEREST_PRIVILEGED),0.0,0
1330,SUM(cash.previous.SELLERPLACE_AREA),403.26940536499023,10
1331,MAX(installments.previous.AMT_ANNUITY),1250.8103981018066,23
1332,MAX(installments.previous.AMT_APPLICATION),718.538501739502,15
1333,MAX(installments.previous.AMT_CREDIT),486.3788032531738,12
1334,MAX(installments.previous.AMT_DOWN_PAYMENT),1682.0493927001953,34
1335,MAX(installments.previous.AMT_GOODS_PRICE),310.05409812927246,7
1336,MAX(installments.previous.CNT_PAYMENT),38.45989990234375,1
1337,MAX(installments.previous.DAYS_DECISION),339.5084991455078,7
1338,MAX(installments.previous.DAYS_FIRST_DRAWING),0.0,0
1339,MAX(installments.previous.DAYS_FIRST_DUE),295.1469039916992,6
1340,MAX(installments.previous.DAYS_LAST_DUE),163.1599998474121,4
1341,MAX(installments.previous.DAYS_LAST_DUE_1ST_VERSION),5412.84810256958,83
1342,MAX(installments.previous.DAYS_TERMINATION),232.43340301513672,5
1343,MAX(installments.previous.HOUR_APPR_PROCESS_START),426.86610412597656,10
1344,MAX(installments.previous.NFLAG_INSURED_ON_APPROVAL),0.0,0
1345,MAX(installments.previous.NFLAG_LAST_APPL_IN_DAY),0.0,0
1346,MAX(installments.previous.RATE_DOWN_PAYMENT),663.3610935211182,16
1347,MAX(installments.previous.RATE_INTEREST_PRIMARY),0.0,0
1348,MAX(installments.previous.RATE_INTEREST_PRIVILEGED),0.0,0
1349,MAX(installments.previous.SELLERPLACE_AREA),618.0727958679199,14
1350,MEAN(installments.previous.AMT_ANNUITY),1380.2378025054932,32
1351,MEAN(installments.previous.AMT_APPLICATION),758.812910079956,18
1352,MEAN(installments.previous.AMT_CREDIT),814.5056037902832,19
1353,MEAN(installments.previous.AMT_DOWN_PAYMENT),363.4074058532715,8
1354,MEAN(installments.previous.AMT_GOODS_PRICE),585.6389923095703,14
1355,MEAN(installments.previous.CNT_PAYMENT),652.948299407959,16
1356,MEAN(installments.previous.DAYS_DECISION),1302.7298965454102,25
1357,MEAN(installments.previous.DAYS_FIRST_DRAWING),289.05799865722656,6
1358,MEAN(installments.previous.DAYS_FIRST_DUE),1701.061710357666,30
1359,MEAN(installments.previous.DAYS_LAST_DUE),1151.0644855499268,23
1360,MEAN(installments.previous.DAYS_LAST_DUE_1ST_VERSION),1704.593511581421,33
1361,MEAN(installments.previous.DAYS_TERMINATION),526.4629993438721,13
1362,MEAN(installments.previous.HOUR_APPR_PROCESS_START),1213.9987983703613,27
1363,MEAN(installments.previous.NFLAG_INSURED_ON_APPROVAL),402.0110969543457,10
1364,MEAN(installments.previous.NFLAG_LAST_APPL_IN_DAY),0.0,0
1365,MEAN(installments.previous.RATE_DOWN_PAYMENT),356.6679973602295,9
1366,MEAN(installments.previous.RATE_INTEREST_PRIMARY),0.0,0
1367,MEAN(installments.previous.RATE_INTEREST_PRIVILEGED),0.0,0
1368,MEAN(installments.previous.SELLERPLACE_AREA),811.6188945770264,20
1369,MIN(installments.previous.AMT_ANNUITY),991.8936920166016,24
1370,MIN(installments.previous.AMT_APPLICATION),466.0481986999512,11
1371,MIN(installments.previous.AMT_CREDIT),559.2665996551514,12
1372,MIN(installments.previous.AMT_DOWN_PAYMENT),394.9058952331543,9
1373,MIN(installments.previous.AMT_GOODS_PRICE),559.2578029632568,12
1374,MIN(installments.previous.CNT_PAYMENT),199.6969985961914,4
1375,MIN(installments.previous.DAYS_DECISION),405.5862922668457,5
1376,MIN(installments.previous.DAYS_FIRST_DRAWING),0.0,0
1377,MIN(installments.previous.DAYS_FIRST_DUE),727.8745937347412,10
1378,MIN(installments.previous.DAYS_LAST_DUE),272.2433052062988,4
1379,MIN(installments.previous.DAYS_LAST_DUE_1ST_VERSION),329.1284942626953,5
1380,MIN(installments.previous.DAYS_TERMINATION),0.0,0
1381,MIN(installments.previous.HOUR_APPR_PROCESS_START),469.5166015625,12
1382,MIN(installments.previous.NFLAG_INSURED_ON_APPROVAL),0.0,0
1383,MIN(installments.previous.NFLAG_LAST_APPL_IN_DAY),0.0,0
1384,MIN(installments.previous.RATE_DOWN_PAYMENT),152.02920532226562,4
1385,MIN(installments.previous.RATE_INTEREST_PRIMARY),0.0,0
1386,MIN(installments.previous.RATE_INTEREST_PRIVILEGED),0.0,0
1387,MIN(installments.previous.SELLERPLACE_AREA),710.6509971618652,17
1388,STD(installments.previous.AMT_ANNUITY),373.18929862976074,10
1389,STD(installments.previous.AMT_APPLICATION),210.52090454101562,5
1390,STD(installments.previous.AMT_CREDIT),432.42599868774414,9
1391,STD(installments.previous.AMT_DOWN_PAYMENT),2220.1041870117188,26
1392,STD(installments.previous.AMT_GOODS_PRICE),207.29570198059082,5
1393,STD(installments.previous.CNT_PAYMENT),1832.404790878296,39
1394,STD(installments.previous.DAYS_DECISION),761.0278091430664,11
1395,STD(installments.previous.DAYS_FIRST_DRAWING),477.600399017334,12
1396,STD(installments.previous.DAYS_FIRST_DUE),514.4837017059326,9
1397,STD(installments.previous.DAYS_LAST_DUE),755.9771995544434,17
1398,STD(installments.previous.DAYS_LAST_DUE_1ST_VERSION),521.7450942993164,12
1399,STD(installments.previous.DAYS_TERMINATION),796.2975959777832,18
1400,STD(installments.previous.HOUR_APPR_PROCESS_START),747.0482940673828,20
1401,STD(installments.previous.NFLAG_INSURED_ON_APPROVAL),794.6123027801514,17
1402,STD(installments.previous.NFLAG_LAST_APPL_IN_DAY),0.0,0
1403,STD(installments.previous.RATE_DOWN_PAYMENT),518.8912963867188,9
1404,STD(installments.previous.RATE_INTEREST_PRIMARY),0.0,0
1405,STD(installments.previous.RATE_INTEREST_PRIVILEGED),0.0,0
1406,STD(installments.previous.SELLERPLACE_AREA),675.217098236084,15
1407,SUM(installments.previous.AMT_ANNUITY),714.5763034820557,15
1408,SUM(installments.previous.AMT_APPLICATION),507.5580997467041,12
1409,SUM(installments.previous.AMT_CREDIT),550.286901473999,13
1410,SUM(installments.previous.AMT_DOWN_PAYMENT),1874.5504970550537,32
1411,SUM(installments.previous.AMT_GOODS_PRICE),199.9261989593506,5
1412,SUM(installments.previous.CNT_PAYMENT),406.39759635925293,10
1413,SUM(installments.previous.DAYS_DECISION),519.3101024627686,11
1414,SUM(installments.previous.DAYS_FIRST_DRAWING),399.23019790649414,10
1415,SUM(installments.previous.DAYS_FIRST_DUE),320.3644027709961,7
1416,SUM(installments.previous.DAYS_LAST_DUE),1022.7075080871582,23
1417,SUM(installments.previous.DAYS_LAST_DUE_1ST_VERSION),604.0663013458252,13
1418,SUM(installments.previous.DAYS_TERMINATION),524.6663017272949,12
1419,SUM(installments.previous.HOUR_APPR_PROCESS_START),1334.0320053100586,31
1420,SUM(installments.previous.NFLAG_INSURED_ON_APPROVAL),250.67779731750488,6
1421,SUM(installments.previous.NFLAG_LAST_APPL_IN_DAY),239.78770446777344,6
1422,SUM(installments.previous.RATE_DOWN_PAYMENT),274.8227005004883,6
1423,SUM(installments.previous.RATE_INTEREST_PRIMARY),0.0,0
1424,SUM(installments.previous.RATE_INTEREST_PRIVILEGED),0.0,0
1425,SUM(installments.previous.SELLERPLACE_AREA),424.5035991668701,11
1426,MAX(credit.previous.AMT_ANNUITY),195.79759788513184,5
1427,MAX(credit.previous.AMT_APPLICATION),35.75149917602539,1
1428,MAX(credit.previous.AMT_CREDIT),50.542301177978516,1
1429,MAX(credit.previous.AMT_DOWN_PAYMENT),0.0,0
1430,MAX(credit.previous.AMT_GOODS_PRICE),176.22940063476562,4
1431,MAX(credit.previous.CNT_PAYMENT),0.0,0
1432,MAX(credit.previous.DAYS_DECISION),131.31260299682617,3
1433,MAX(credit.previous.DAYS_FIRST_DRAWING),77.05080032348633,2
1434,MAX(credit.previous.DAYS_FIRST_DUE),138.50440216064453,3
1435,MAX(credit.previous.DAYS_LAST_DUE),82.78799819946289,2
1436,MAX(credit.previous.DAYS_LAST_DUE_1ST_VERSION),0.0,0
1437,MAX(credit.previous.DAYS_TERMINATION),0.0,0
1438,MAX(credit.previous.HOUR_APPR_PROCESS_START),145.00489807128906,4
1439,MAX(credit.previous.NFLAG_INSURED_ON_APPROVAL),0.0,0
1440,MAX(credit.previous.NFLAG_LAST_APPL_IN_DAY),0.0,0
1441,MAX(credit.previous.RATE_DOWN_PAYMENT),0.0,0
1442,MAX(credit.previous.RATE_INTEREST_PRIMARY),0.0,0
1443,MAX(credit.previous.RATE_INTEREST_PRIVILEGED),0.0,0
1444,MAX(credit.previous.SELLERPLACE_AREA),206.2634983062744,6
1445,MEAN(credit.previous.AMT_ANNUITY),38.10919952392578,1
1446,MEAN(credit.previous.AMT_APPLICATION),73.24200057983398,2
1447,MEAN(credit.previous.AMT_CREDIT),0.0,0
1448,MEAN(credit.previous.AMT_DOWN_PAYMENT),0.0,0
1449,MEAN(credit.previous.AMT_GOODS_PRICE),0.0,0
1450,MEAN(credit.previous.CNT_PAYMENT),0.0,0
1451,MEAN(credit.previous.DAYS_DECISION),0.0,0
1452,MEAN(credit.previous.DAYS_FIRST_DRAWING),62.19070053100586,1
1453,MEAN(credit.previous.DAYS_FIRST_DUE),0.0,0
1454,MEAN(credit.previous.DAYS_LAST_DUE),0.0,0
1455,MEAN(credit.previous.DAYS_LAST_DUE_1ST_VERSION),0.0,0
1456,MEAN(credit.previous.DAYS_TERMINATION),0.0,0
1457,MEAN(credit.previous.HOUR_APPR_PROCESS_START),36.249900817871094,1
1458,MEAN(credit.previous.NFLAG_INSURED_ON_APPROVAL),0.0,0
1459,MEAN(credit.previous.NFLAG_LAST_APPL_IN_DAY),0.0,0
1460,MEAN(credit.previous.RATE_DOWN_PAYMENT),0.0,0
1461,MEAN(credit.previous.RATE_INTEREST_PRIMARY),0.0,0
1462,MEAN(credit.previous.RATE_INTEREST_PRIVILEGED),0.0,0
1463,MEAN(credit.previous.SELLERPLACE_AREA),0.0,0
1464,MIN(credit.previous.AMT_ANNUITY),0.0,0
1465,MIN(credit.previous.AMT_APPLICATION),0.0,0
1466,MIN(credit.previous.AMT_CREDIT),0.0,0
1467,MIN(credit.previous.AMT_DOWN_PAYMENT),0.0,0
1468,MIN(credit.previous.AMT_GOODS_PRICE),0.0,0
1469,MIN(credit.previous.CNT_PAYMENT),0.0,0
1470,MIN(credit.previous.DAYS_DECISION),0.0,0
1471,MIN(credit.previous.DAYS_FIRST_DRAWING),0.0,0
1472,MIN(credit.previous.DAYS_FIRST_DUE),81.7885971069336,1
1473,MIN(credit.previous.DAYS_LAST_DUE),83.38920021057129,2
1474,MIN(credit.previous.DAYS_LAST_DUE_1ST_VERSION),0.0,0
1475,MIN(credit.previous.DAYS_TERMINATION),0.0,0
1476,MIN(credit.previous.HOUR_APPR_PROCESS_START),0.0,0
1477,MIN(credit.previous.NFLAG_INSURED_ON_APPROVAL),0.0,0
1478,MIN(credit.previous.NFLAG_LAST_APPL_IN_DAY),0.0,0
1479,MIN(credit.previous.RATE_DOWN_PAYMENT),0.0,0
1480,MIN(credit.previous.RATE_INTEREST_PRIMARY),0.0,0
1481,MIN(credit.previous.RATE_INTEREST_PRIVILEGED),0.0,0
1482,MIN(credit.previous.SELLERPLACE_AREA),67.37189865112305,2
1483,STD(credit.previous.AMT_ANNUITY),0.0,0
1484,STD(credit.previous.AMT_APPLICATION),0.0,0
1485,STD(credit.previous.AMT_CREDIT),0.0,0
1486,STD(credit.previous.AMT_DOWN_PAYMENT),0.0,0
1487,STD(credit.previous.AMT_GOODS_PRICE),0.0,0
1488,STD(credit.previous.CNT_PAYMENT),0.0,0
1489,STD(credit.previous.DAYS_DECISION),0.0,0
1490,STD(credit.previous.DAYS_FIRST_DRAWING),0.0,0
1491,STD(credit.previous.DAYS_FIRST_DUE),0.0,0
1492,STD(credit.previous.DAYS_LAST_DUE),0.0,0
1493,STD(credit.previous.DAYS_LAST_DUE_1ST_VERSION),0.0,0
1494,STD(credit.previous.DAYS_TERMINATION),0.0,0
1495,STD(credit.previous.HOUR_APPR_PROCESS_START),0.0,0
1496,STD(credit.previous.NFLAG_INSURED_ON_APPROVAL),0.0,0
1497,STD(credit.previous.NFLAG_LAST_APPL_IN_DAY),0.0,0
1498,STD(credit.previous.RATE_DOWN_PAYMENT),0.0,0
1499,STD(credit.previous.RATE_INTEREST_PRIMARY),0.0,0
1500,STD(credit.previous.RATE_INTEREST_PRIVILEGED),0.0,0
1501,STD(credit.previous.SELLERPLACE_AREA),0.0,0
1502,SUM(credit.previous.AMT_ANNUITY),117.00419616699219,3
1503,SUM(credit.previous.AMT_APPLICATION),149.44810485839844,4
1504,SUM(credit.previous.AMT_CREDIT),37.400901794433594,1
1505,SUM(credit.previous.AMT_DOWN_PAYMENT),0.0,0
1506,SUM(credit.previous.AMT_GOODS_PRICE),0.0,0
1507,SUM(credit.previous.CNT_PAYMENT),0.0,0
1508,SUM(credit.previous.DAYS_DECISION),0.0,0
1509,SUM(credit.previous.DAYS_FIRST_DRAWING),36.16569900512695,1
1510,SUM(credit.previous.DAYS_FIRST_DUE),35.57109832763672,1
1511,SUM(credit.previous.DAYS_LAST_DUE),415.08669662475586,9
1512,SUM(credit.previous.DAYS_LAST_DUE_1ST_VERSION),0.0,0
1513,SUM(credit.previous.DAYS_TERMINATION),98.68759727478027,2
1514,SUM(credit.previous.HOUR_APPR_PROCESS_START),344.4153022766113,8
1515,SUM(credit.previous.NFLAG_INSURED_ON_APPROVAL),0.0,0
1516,SUM(credit.previous.NFLAG_LAST_APPL_IN_DAY),0.0,0
1517,SUM(credit.previous.RATE_DOWN_PAYMENT),0.0,0
1518,SUM(credit.previous.RATE_INTEREST_PRIMARY),0.0,0
1519,SUM(credit.previous.RATE_INTEREST_PRIVILEGED),0.0,0
1520,SUM(credit.previous.SELLERPLACE_AREA),99.78210067749023,3
