feature,gain
EXT_SOURCES_MEAN,627.8
PAYMENT_RATE,506.2
PERCENTILE(PAYMENT_RATE),416.2
DAYS_ID_PUBLISH,299.8
PERCENTILE(EXT_SOURCE_1),296.6
DAYS_BIRTH,295.4
PERCENTILE(DAYS_BIRTH),252.6
PERCENTILE(AMT_ANNUITY),227.4
INSTAL_DAYS_ENTRY_PAYMENT_MAX,226.2
ACTIVE_DAYS_CREDIT_ENDDATE_MIN,219.2
PERCENTILE(APPROVED_CNT_PAYMENT_MEAN),217.6
PERCENTILE(DAYS_REGISTRATION),214.4
EXT_SOURCE_1,204.0
AMT_ANNUITY,186.4
EXT_SOURCE_2,183.0
EXT_SOURCE_3,183.0
PERCENTILE(EXT_SOURCE_3),173.8
PERCENTILE(EXT_SOURCE_2),170.0
INSTAL_DBD_SUM,169.6
PERCENTILE(INSTAL_DPD_MEAN),169.6
AMT_GOODS_PRICE,166.2
PERCENTILE(DAYS_LAST_PHONE_CHANGE),163.4
DIFF(ANNUITY_INCOME_PERC),160.2
APPROVED_CNT_PAYMENT_MEAN,153.2
PERCENTILE(ACTIVE_DAYS_CREDIT_MAX),144.6
APPROVED_CNT_PAYMENT_SUM,142.8
PERCENTILE(POS_COUNT),142.6
PREV_NAME_YIELD_GROUP_high_MEAN,140.4
DIFF(EXT_SOURCE_2),140.4
CLOSED_AMT_CREDIT_SUM_MEAN,140.4
INSTAL_AMT_PAYMENT_SUM,138.6
AMT_CREDIT,137.8
DIFF(DAYS_EMPLOYED),131.0
INSTAL_DPD_MEAN,128.8
CLOSED_DAYS_CREDIT_ENDDATE_MAX,128.4
INCOME_CREDIT_PERC,127.8
PERCENTILE(PREV_CNT_PAYMENT_MEAN),127.6
PERCENTILE(ANNUITY_INCOME_PERC),126.2
ANNUITY_INCOME_PERC,125.6
PERCENTILE(INSTAL_AMT_PAYMENT_SUM),125.0
PREV_APP_CREDIT_PERC_MIN,121.0
CODE_GENDER,118.6
ACTIVE_DAYS_CREDIT_MAX,117.8
PERCENTILE(ACTIVE_DAYS_CREDIT_ENDDATE_MAX),117.6
CUM_MEAN(TARGET),113.8
DAYS_EMPLOYED_PERC,113.2
DIFF(EXT_SOURCE_3),113.0
PREV_CNT_PAYMENT_MEAN,112.6
ACTIVE_DAYS_CREDIT_ENDDATE_MAX,110.0
REGION_RATING_CLIENT_W_CITY,108.4
DIFF(APPROVED_AMT_ANNUITY_MIN),104.6
PERCENTILE(AMT_CREDIT),104.6
DIFF(INSTAL_DAYS_ENTRY_PAYMENT_SUM),104.4
NAME_FAMILY_STATUS_Married,103.0
PERCENTILE(DAYS_EMPLOYED_PERC),102.4
DIFF(CLOSED_DAYS_CREDIT_MAX),101.4
PERCENTILE(DAYS_EMPLOYED),101.0
CLOSED_DAYS_CREDIT_MAX,100.6
ACTIVE_AMT_CREDIT_SUM_MAX,100.4
PERCENTILE(PREV_NAME_CONTRACT_STATUS_Refused_MEAN),100.4
PREV_AMT_ANNUITY_MEAN,100.2
ACTIVE_DAYS_CREDIT_MEAN,99.4
DIFF(INSTAL_PAYMENT_PERC_MEAN),96.8
DAYS_EMPLOYED,96.2
DIFF(PREV_NAME_TYPE_SUITE_nan_MEAN),96.0
PERCENTILE(APPROVED_AMT_GOODS_PRICE_MIN),94.4
DIFF(ACTIVE_DAYS_CREDIT_MAX),94.4
PERCENTILE(BURO_DAYS_CREDIT_ENDDATE_MEAN),93.4
INSTAL_AMT_PAYMENT_MEAN,92.6
DIFF(ACTIVE_DAYS_CREDIT_MEAN),90.0
DIFF(PREV_AMT_DOWN_PAYMENT_MAX),88.0
BURO_DAYS_CREDIT_MIN,88.0
DIFF(POS_COUNT),87.6
DIFF(INSTAL_DAYS_ENTRY_PAYMENT_MAX),87.6
ACTIVE_AMT_CREDIT_SUM_LIMIT_MEAN,87.0
DIFF(INSTAL_DPD_MEAN),86.8
DIFF(PREV_HOUR_APPR_PROCESS_START_MEAN),86.8
BURO_AMT_CREDIT_SUM_MAX,86.4
PERCENTILE(CLOSED_DAYS_CREDIT_MAX),86.2
PERCENTILE(CODE_GENDER),86.0
CLOSED_DAYS_CREDIT_UPDATE_MEAN,85.8
PERCENTILE(AMT_INCOME_TOTAL),85.6
DIFF(APPROVED_DAYS_DECISION_MAX),84.8
DIFF(ACTIVE_AMT_CREDIT_SUM_DEBT_SUM),84.6
FLAG_OWN_CAR,84.2
DIFF(PREV_NAME_PAYMENT_TYPE_Cash through the bank_MEAN),83.2
ACTIVE_AMT_CREDIT_SUM_SUM,83.0
DIFF(POS_SK_DPD_DEF_MEAN),83.0
PERCENTILE(INSTAL_DBD_MEAN),82.6
PERCENTILE(POS_NAME_CONTRACT_STATUS_Active_MEAN),82.4
DIFF(BURO_DAYS_CREDIT_MEAN),82.2
DIFF(PREV_NAME_YIELD_GROUP_low_action_MEAN),81.8
PERCENTILE(AMT_GOODS_PRICE),81.6
DIFF(PREV_CHANNEL_TYPE_Credit and cash offices_MEAN),81.4
BURO_CREDIT_TYPE_Mortgage_MEAN,80.8
PERCENTILE(INSTAL_DBD_MAX),80.6
INSTAL_PAYMENT_DIFF_SUM,79.6
DIFF(INSTAL_AMT_PAYMENT_MEAN),78.6
DIFF(BURO_AMT_CREDIT_MAX_OVERDUE_MEAN),78.6
PERCENTILE(POS_MONTHS_BALANCE_MAX),77.6
DIFF(BURO_CREDIT_ACTIVE_Closed_MEAN),77.2
PERCENTILE(BURO_CREDIT_ACTIVE_Closed_MEAN),77.2
OWN_CAR_AGE,77.2
DIFF(PREV_NAME_TYPE_SUITE_Unaccompanied_MEAN),77.0
PERCENTILE(CLOSED_AMT_CREDIT_SUM_SUM),75.8
PERCENTILE(BURO_DAYS_CREDIT_MAX),75.2
DIFF(BURO_DAYS_CREDIT_MIN),74.6
PERCENTILE(INSTAL_DAYS_ENTRY_PAYMENT_MEAN),74.4
DIFF(APPROVED_APP_CREDIT_PERC_MAX),74.4
PERCENTILE(INSTAL_PAYMENT_PERC_SUM),74.4
PERCENTILE(ACTIVE_AMT_CREDIT_SUM_SUM),73.8
NAME_EDUCATION_TYPE_Higher education,73.6
DIFF(PREV_NAME_CLIENT_TYPE_Refreshed_MEAN),73.4
INSTAL_DAYS_ENTRY_PAYMENT_MEAN,73.2
DIFF(ACTIVE_AMT_CREDIT_SUM_MAX),73.2
DIFF(APPROVED_CNT_PAYMENT_MEAN),72.6
BURO_DAYS_CREDIT_UPDATE_MEAN,71.6
PREV_DAYS_DECISION_MIN,71.4
INSTAL_AMT_INSTALMENT_SUM,70.6
PERCENTILE(INSTAL_AMT_PAYMENT_MIN),70.4
BURO_DAYS_CREDIT_MAX,70.4
BURO_AMT_CREDIT_SUM_MEAN,70.2
DIFF(POS_MONTHS_BALANCE_MAX),69.2
PREV_NAME_TYPE_SUITE_nan_MEAN,68.6
FLAG_DOCUMENT_3,68.4
PERCENTILE(INSTAL_DAYS_ENTRY_PAYMENT_SUM),68.4
APPROVED_AMT_ANNUITY_MEAN,67.6
DIFF(APPROVED_APP_CREDIT_PERC_MIN),67.0
PERCENTILE(ACTIVE_AMT_CREDIT_MAX_OVERDUE_MEAN),67.0
CUM_MEAN(DAYS_BIRTH),66.8
INSTAL_DAYS_ENTRY_PAYMENT_SUM,66.8
CLOSED_AMT_CREDIT_SUM_SUM,66.4
PERCENTILE(INSTAL_PAYMENT_PERC_MEAN),65.8
PREV_NAME_CLIENT_TYPE_New_MEAN,65.6
PERCENTILE(YEARS_BEGINEXPLUATATION_MEDI),65.4
PREV_APP_CREDIT_PERC_MEAN,65.0
PERCENTILE(CC_CNT_DRAWINGS_ATM_CURRENT_SUM),64.8
APARTMENTS_MODE,63.6
INSTAL_AMT_PAYMENT_MIN,63.6
PERCENTILE(INSTAL_AMT_INSTALMENT_MAX),63.0
PERCENTILE(PREV_HOUR_APPR_PROCESS_START_MEAN),62.6
BURO_AMT_CREDIT_SUM_SUM,62.4
PERCENTILE(BURO_AMT_CREDIT_MAX_OVERDUE_MEAN),62.4
PERCENTILE(ACTIVE_AMT_CREDIT_SUM_DEBT_MEAN),62.0
DIFF(PREV_CNT_PAYMENT_MEAN),61.8
PERCENTILE(ACTIVE_AMT_CREDIT_SUM_DEBT_SUM),61.8
DIFF(PREV_CHANNEL_TYPE_Country-wide_MEAN),61.4
BURO_AMT_CREDIT_SUM_LIMIT_MEAN,61.2
PERCENTILE(BURO_AMT_CREDIT_SUM_SUM),61.0
INSTAL_PAYMENT_DIFF_MEAN,60.6
PERCENTILE(PREV_NAME_TYPE_SUITE_Unaccompanied_MEAN),60.4
BURO_DAYS_CREDIT_MEAN,60.4
PERCENTILE(BURO_AMT_CREDIT_SUM_MEAN),60.2
PERCENTILE(INSTAL_PAYMENT_DIFF_MEAN),60.0
PERCENTILE(BURO_AMT_CREDIT_SUM_DEBT_MEAN),60.0
PERCENTILE(APPROVED_AMT_ANNUITY_MEAN),60.0
DIFF(APPROVED_AMT_GOODS_PRICE_MIN),59.8
PERCENTILE(PREV_HOUR_APPR_PROCESS_START_MAX),58.6
PERCENTILE(PREV_APP_CREDIT_PERC_MEAN),58.6
DIFF(ACTIVE_AMT_CREDIT_SUM_DEBT_MEAN),58.6
DIFF(PREV_NAME_PORTFOLIO_POS_MEAN),57.6
CUM_MEAN(REFUSED_AMT_CREDIT_MAX),57.6
CUM_MEAN(REFUSED_DAYS_DECISION_MAX),57.4
DIFF(REFUSED_HOUR_APPR_PROCESS_START_MEAN),57.2
CUM_MEAN(PREV_NAME_CASH_LOAN_PURPOSE_Education_MEAN),57.2
PREV_AMT_ANNUITY_MIN,57.0
ACTIVE_AMT_CREDIT_MAX_OVERDUE_MEAN,56.8
APPROVED_AMT_DOWN_PAYMENT_MAX,56.2
DIFF(APPROVED_AMT_CREDIT_MIN),56.0
PERCENTILE(APPROVED_HOUR_APPR_PROCESS_START_MAX),55.8
CUM_MEAN(CLOSED_MONTHS_BALANCE_SIZE_SUM),55.6
CUM_MEAN(BURO_DAYS_CREDIT_ENDDATE_MAX),55.6
DIFF(REFUSED_DAYS_DECISION_MAX),55.6
CUM_MEAN(REFUSED_AMT_ANNUITY_MAX),55.2
CUM_MEAN(PREV_PRODUCT_COMBINATION_POS industry without interest_MEAN),55.0
ACTIVE_DAYS_CREDIT_VAR,55.0
PERCENTILE(BURO_DAYS_CREDIT_MEAN),55.0
PERCENTILE(INSTAL_PAYMENT_DIFF_MAX),54.8
APPROVED_DAYS_DECISION_MIN,54.6
APPROVED_AMT_ANNUITY_MIN,54.0
DIFF(BURO_CREDIT_TYPE_Microloan_MEAN),53.8
INSTAL_AMT_INSTALMENT_MAX,53.6
DIFF(PREV_NAME_PRODUCT_TYPE_XNA_MEAN),53.6
DIFF(APPROVED_AMT_GOODS_PRICE_MEAN),53.6
DIFF(PREV_CODE_REJECT_REASON_HC_MEAN),53.6
APPROVED_APP_CREDIT_PERC_MEAN,53.4
CUM_MEAN(OCCUPATION_TYPE_Cooking staff),53.4
BURO_AMT_CREDIT_SUM_DEBT_MEAN,53.2
DIFF(PREV_NAME_CASH_LOAN_PURPOSE_XAP_MEAN),53.2
CUM_MEAN(PREV_CHANNEL_TYPE_AP+ (Cash loan)_MEAN),53.2
ORGANIZATION_TYPE_Self-employed,52.8
DIFF(PREV_NAME_CONTRACT_STATUS_Approved_MEAN),52.8
PREV_NAME_YIELD_GROUP_XNA_MEAN,52.8
DIFF(CC_CNT_DRAWINGS_CURRENT_MEAN),52.6
DIFF(PREV_AMT_GOODS_PRICE_MAX),52.6
YEARS_BEGINEXPLUATATION_MEDI,52.6
PERCENTILE(APPROVED_AMT_DOWN_PAYMENT_MAX),52.2
ACTIVE_AMT_CREDIT_SUM_DEBT_MEAN,52.2
POS_MONTHS_BALANCE_MEAN,52.0
BURO_AMT_CREDIT_MAX_OVERDUE_MEAN,52.0
PERCENTILE(PREV_PRODUCT_COMBINATION_POS industry with interest_MEAN),51.8
INSTAL_PAYMENT_DIFF_MAX,51.6
PERCENTILE(CC_CNT_DRAWINGS_CURRENT_MEAN),51.4
DIFF(REFUSED_DAYS_DECISION_MIN),51.4
CUM_MEAN(NAME_FAMILY_STATUS_Civil marriage),51.4
CUM_MEAN(PREV_NAME_PORTFOLIO_Cards_MEAN),51.0
POS_COUNT,50.8
AMT_REQ_CREDIT_BUREAU_QRT,50.8
DIFF(PREV_CNT_PAYMENT_SUM),50.6
PERCENTILE(CC_CNT_DRAWINGS_CURRENT_VAR),50.4
CLOSED_DAYS_CREDIT_MEAN,50.0
INSTAL_DPD_MAX,50.0
DIFF(PREV_NAME_PRODUCT_TYPE_x-sell_MEAN),49.8
PERCENTILE(PREV_AMT_ANNUITY_MIN),49.8
PERCENTILE(PREV_NAME_CONTRACT_STATUS_Canceled_MEAN),49.6
CUM_MEAN(NAME_EDUCATION_TYPE_Lower secondary),49.4
DIFF(BURO_MONTHS_BALANCE_SIZE_MEAN),49.4
PREV_HOUR_APPR_PROCESS_START_MEAN,49.4
CUM_MEAN(BURO_AMT_CREDIT_MAX_OVERDUE_MEAN),49.2
CUM_MEAN(APPROVED_APP_CREDIT_PERC_VAR),49.0
CUM_MEAN(NAME_HOUSING_TYPE_Rented apartment),49.0
PERCENTILE(POS_MONTHS_BALANCE_MEAN),49.0
CUM_MEAN(CC_AMT_CREDIT_LIMIT_ACTUAL_VAR),49.0
CUM_MEAN(PREV_NAME_PAYMENT_TYPE_XNA_MEAN),48.8
DIFF(REFUSED_AMT_CREDIT_MIN),48.8
CUM_MEAN(NAME_TYPE_SUITE_Family),48.8
CC_CNT_DRAWINGS_CURRENT_MEAN,48.6
APPROVED_DAYS_DECISION_MEAN,48.4
CUM_MEAN(BURO_DAYS_CREDIT_ENDDATE_MEAN),48.4
DIFF(PREV_NAME_CONTRACT_STATUS_Refused_MEAN),48.2
PREV_NAME_PRODUCT_TYPE_walk-in_MEAN,48.0
CUM_MEAN(PREV_CHANNEL_TYPE_Stone_MEAN),47.6
CUM_MEAN(POS_SK_DPD_DEF_MAX),47.6
INSTAL_DPD_SUM,47.6
FLOORSMAX_AVG,47.6
INSTAL_DBD_MAX,47.4
BURO_AMT_CREDIT_SUM_DEBT_SUM,47.4
DIFF(INSTAL_PAYMENT_DIFF_MAX),46.8
PERCENTILE(APPROVED_DAYS_DECISION_MEAN),46.6
POS_MONTHS_BALANCE_MAX,46.6
PREV_AMT_APPLICATION_MEAN,46.0
PERCENTILE(PREV_DAYS_DECISION_MEAN),46.0
POS_NAME_CONTRACT_STATUS_Active_MEAN,45.8
DIFF(NAME_CONTRACT_TYPE_Revolving loans),45.8
CUM_MEAN(APPROVED_AMT_ANNUITY_MAX),45.6
DIFF(PREV_NAME_SELLER_INDUSTRY_Connectivity_MEAN),45.4
CUM_MEAN(OWN_CAR_AGE),45.4
CUM_MEAN(BURO_CREDIT_DAY_OVERDUE_MEAN),45.4
DIFF(PREV_APP_CREDIT_PERC_MIN),45.4
ACTIVE_AMT_CREDIT_SUM_DEBT_SUM,45.2
DIFF(PREV_NAME_PRODUCT_TYPE_walk-in_MEAN),45.2
CC_CNT_DRAWINGS_CURRENT_VAR,45.0
CUM_MEAN(PREV_NAME_PORTFOLIO_POS_MEAN),44.8
ACTIVE_MONTHS_BALANCE_SIZE_MEAN,44.8
CUM_MEAN(OCCUPATION_TYPE_Private service staff),44.8
PERCENTILE(PREV_CODE_REJECT_REASON_SCO_MEAN),44.6
CUM_MEAN(HOUSETYPE_MODE_specific housing),44.6
CUM_MEAN(ACTIVE_DAYS_CREDIT_ENDDATE_MAX),44.4
DIFF(PREV_NAME_TYPE_SUITE_Family_MEAN),44.4
CUM_MEAN(PREV_NAME_SELLER_INDUSTRY_Construction_MEAN),44.4
PERCENTILE(PREV_AMT_CREDIT_MEAN),44.2
PREV_NAME_CONTRACT_STATUS_Refused_MEAN,43.8
CUM_MEAN(CC_AMT_RECIVABLE_VAR),43.6
INSTAL_AMT_PAYMENT_MAX,43.4
PERCENTILE(POS_SK_DPD_DEF_MEAN),43.4
CUM_MEAN(BURO_CREDIT_ACTIVE_Active_MEAN),43.4
CUM_MEAN(PREV_NAME_GOODS_CATEGORY_Auto Accessories_MEAN),43.2
PERCENTILE(INSTAL_AMT_PAYMENT_MAX),43.2
PERCENTILE(INSTAL_PAYMENT_PERC_VAR),43.0
OCCUPATION_TYPE_Drivers,43.0
DEF_30_CNT_SOCIAL_CIRCLE,43.0
PERCENTILE(CC_CNT_DRAWINGS_CURRENT_MAX),43.0
PREV_RATE_DOWN_PAYMENT_MAX,42.8
PERCENTILE(APPROVED_APP_CREDIT_PERC_MIN),42.6
CUM_MEAN(ACTIVE_DAYS_CREDIT_ENDDATE_MEAN),42.0
PERCENTILE(PREV_RATE_DOWN_PAYMENT_MIN),42.0
PERCENTILE(APPROVED_APP_CREDIT_PERC_VAR),42.0
INSTAL_AMT_INSTALMENT_MEAN,41.8
BURO_MONTHS_BALANCE_SIZE_SUM,41.6
PERCENTILE(PREV_NAME_CONTRACT_STATUS_Approved_MEAN),41.4
DIFF(OWN_CAR_AGE),41.0
CUM_MEAN(ORGANIZATION_TYPE_Other),41.0
CUM_MEAN(PREV_NAME_GOODS_CATEGORY_Fitness_MEAN),41.0
CUM_MEAN(APARTMENTS_MODE),41.0
PREV_AMT_DOWN_PAYMENT_MAX,40.8
CUM_MEAN(BURO_AMT_CREDIT_SUM_LIMIT_SUM),40.6
CUM_MEAN(CC_AMT_RECIVABLE_MIN),40.4
DIFF(POS_NAME_CONTRACT_STATUS_Signed_MEAN),40.4
PERCENTILE(PREV_AMT_DOWN_PAYMENT_MEAN),40.4
INSTAL_PAYMENT_PERC_MEAN,40.4
DIFF(INSTAL_AMT_INSTALMENT_MAX),40.2
PERCENTILE(PREV_APP_CREDIT_PERC_VAR),40.2
AMT_INCOME_TOTAL,40.2
PERCENTILE(FLAG_OWN_CAR),39.8
CUM_MEAN(LIVE_REGION_NOT_WORK_REGION),39.6
PREV_APP_CREDIT_PERC_VAR,39.6
CUM_MEAN(FLAG_DOCUMENT_18),39.4
PERCENTILE(PREV_AMT_CREDIT_MAX),39.4
APPROVED_APP_CREDIT_PERC_MIN,39.2
DIFF(FLAG_WORK_PHONE),39.2
CUM_MEAN(PREV_NAME_YIELD_GROUP_high_MEAN),39.0
PERCENTILE(DEF_60_CNT_SOCIAL_CIRCLE),39.0
CUM_MEAN(CC_AMT_RECEIVABLE_PRINCIPAL_MAX),38.8
DIFF(CC_CNT_DRAWINGS_ATM_CURRENT_SUM),38.8
APPROVED_AMT_ANNUITY_MAX,38.8
CUM_MEAN(PREV_NAME_TYPE_SUITE_Unaccompanied_MEAN),38.6
PERCENTILE(NAME_EDUCATION_TYPE_Secondary / secondary special),38.2
PREV_DAYS_DECISION_MEAN,38.2
DIFF(INSTAL_AMT_PAYMENT_MAX),38.2
CUM_MEAN(ACTIVE_AMT_CREDIT_SUM_OVERDUE_MEAN),38.2
DIFF(REFUSED_APP_CREDIT_PERC_MIN),37.6
POS_SK_DPD_DEF_MEAN,37.6
CUM_MEAN(CC_NAME_CONTRACT_STATUS_Signed_VAR),37.6
CUM_MEAN(NAME_TYPE_SUITE_Children),37.4
ENTRANCES_MEDI,37.2
PERCENTILE(BURO_CREDIT_ACTIVE_Active_MEAN),37.0
CUM_MEAN(CC_AMT_CREDIT_LIMIT_ACTUAL_MAX),37.0
CC_AMT_PAYMENT_CURRENT_SUM,37.0
INSTAL_PAYMENT_PERC_SUM,37.0
CC_AMT_DRAWINGS_ATM_CURRENT_SUM,36.8
APPROVED_AMT_CREDIT_MEAN,36.8
BURO_DAYS_CREDIT_ENDDATE_MIN,36.6
NAME_INCOME_TYPE_State servant,36.6
DIFF(CLOSED_MONTHS_BALANCE_MIN_MIN),36.4
PERCENTILE(NAME_FAMILY_STATUS_Married),36.4
CUM_MEAN(BURO_AMT_CREDIT_SUM_OVERDUE_MEAN),36.4
PERCENTILE(PREV_NAME_PAYMENT_TYPE_XNA_MEAN),36.4
PERCENTILE(PREV_APP_CREDIT_PERC_MAX),36.2
CUM_MEAN(FLAG_DOCUMENT_3),36.2
REFUSED_AMT_ANNUITY_MIN,36.2
PREV_NAME_SELLER_INDUSTRY_Connectivity_MEAN,36.0
INSTAL_COUNT,35.8
CUM_MEAN(PREV_NAME_CLIENT_TYPE_New_MEAN),35.6
PREV_NAME_CONTRACT_TYPE_Consumer loans_MEAN,35.6
DIFF(CC_AMT_PAYMENT_TOTAL_CURRENT_MEAN),35.6
DIFF(APPROVED_AMT_DOWN_PAYMENT_MIN),35.6
CUM_MEAN(PREV_NAME_SELLER_INDUSTRY_XNA_MEAN),35.6
PERCENTILE(BURO_DAYS_CREDIT_ENDDATE_MIN),35.6
APPROVED_APP_CREDIT_PERC_MAX,35.4
CUM_MEAN(PREV_CODE_REJECT_REASON_HC_MEAN),35.0
CUM_MEAN(CLOSED_DAYS_CREDIT_VAR),34.8
CUM_MEAN(WEEKDAY_APPR_PROCESS_START_THURSDAY),34.8
APPROVED_AMT_CREDIT_MAX,34.8
CUM_MEAN(INSTAL_PAYMENT_DIFF_SUM),34.8
DIFF(BURO_STATUS_1_MEAN_MEAN),34.8
CUM_MEAN(CC_AMT_PAYMENT_TOTAL_CURRENT_VAR),34.6
CUM_MEAN(ORGANIZATION_TYPE_Construction),34.6
PERCENTILE(CC_AMT_DRAWINGS_POS_CURRENT_SUM),34.6
BURO_CREDIT_TYPE_Microloan_MEAN,34.4
DIFF(DEF_30_CNT_SOCIAL_CIRCLE),34.4
PERCENTILE(CC_AMT_CREDIT_LIMIT_ACTUAL_MAX),34.2
DIFF(PREV_NAME_CASH_LOAN_PURPOSE_Urgent needs_MEAN),34.0
CC_AMT_DRAWINGS_CURRENT_MEAN,34.0
DIFF(REFUSED_AMT_ANNUITY_MIN),33.8
PREV_APP_CREDIT_PERC_MAX,33.6
CUM_MEAN(ACTIVE_CNT_CREDIT_PROLONG_SUM),33.6
PERCENTILE(CC_AMT_DRAWINGS_ATM_CURRENT_SUM),33.6
PERCENTILE(ACTIVE_MONTHS_BALANCE_SIZE_SUM),33.6
PERCENTILE(ACTIVE_AMT_CREDIT_SUM_DEBT_MAX),33.4
NAME_INCOME_TYPE_Working,33.2
CUM_MEAN(PREV_CODE_REJECT_REASON_VERIF_MEAN),33.0
CUM_MEAN(PREV_AMT_CREDIT_MIN),33.0
CUM_MEAN(PREV_NAME_GOODS_CATEGORY_Clothing and Accessories_MEAN),33.0
CUM_MEAN(CC_NAME_CONTRACT_STATUS_Signed_MEAN),33.0
DIFF(PREV_CODE_REJECT_REASON_XAP_MEAN),32.8
PERCENTILE(APPROVED_AMT_ANNUITY_MAX),32.8
CUM_MEAN(BURO_AMT_CREDIT_SUM_MAX),32.8
CUM_MEAN(BURO_AMT_CREDIT_SUM_LIMIT_MEAN),32.8
CUM_MEAN(PREV_NAME_GOODS_CATEGORY_Office Appliances_MEAN),32.8
PERCENTILE(BURO_MONTHS_BALANCE_SIZE_SUM),32.6
ACTIVE_DAYS_CREDIT_MIN,32.6
DIFF(APPROVED_HOUR_APPR_PROCESS_START_MIN),32.6
PREV_NAME_TYPE_SUITE_Unaccompanied_MEAN,32.6
CUM_MEAN(BURO_STATUS_0_MEAN_MEAN),32.6
CUM_MEAN(PREV_NAME_GOODS_CATEGORY_Medical Supplies_MEAN),32.4
CUM_MEAN(PREV_CODE_REJECT_REASON_LIMIT_MEAN),32.4
REFUSED_DAYS_DECISION_MEAN,32.2
ACTIVE_AMT_CREDIT_SUM_DEBT_MAX,32.2
NAME_EDUCATION_TYPE_Secondary / secondary special,32.2
CUM_MEAN(WEEKDAY_APPR_PROCESS_START_SATURDAY),32.2
CUM_MEAN(CC_CNT_DRAWINGS_OTHER_CURRENT_SUM),32.0
DIFF(CC_CNT_INSTALMENT_MATURE_CUM_MEAN),32.0
PERCENTILE(PREV_AMT_APPLICATION_MIN),32.0
PREV_NAME_YIELD_GROUP_low_action_MEAN,32.0
DIFF(PREV_RATE_DOWN_PAYMENT_MIN),31.8
DIFF(OCCUPATION_TYPE_Core staff),31.6
CUM_MEAN(BURO_CREDIT_CURRENCY_currency 2_MEAN),31.6
CUM_MEAN(NAME_HOUSING_TYPE_With parents),31.6
CUM_MEAN(BURO_CREDIT_DAY_OVERDUE_MAX),31.6
POS_SK_DPD_MAX,31.4
CUM_MEAN(CC_AMT_INST_MIN_REGULARITY_VAR),31.4
CUM_MEAN(CC_NAME_CONTRACT_STATUS_Completed_VAR),31.4
REFUSED_DAYS_DECISION_MAX,31.2
PERCENTILE(CC_AMT_BALANCE_MEAN),31.0
CUM_MEAN(INSTAL_DPD_MEAN),31.0
PERCENTILE(PREV_NAME_GOODS_CATEGORY_Mobile_MEAN),30.8
CUM_MEAN(APPROVED_HOUR_APPR_PROCESS_START_MAX),30.6
PERCENTILE(APPROVED_AMT_CREDIT_MAX),30.4
APPROVED_AMT_DOWN_PAYMENT_MEAN,30.2
PERCENTILE(BURO_MONTHS_BALANCE_SIZE_MEAN),30.0
REFUSED_HOUR_APPR_PROCESS_START_MEAN,30.0
CUM_MEAN(ACTIVE_AMT_CREDIT_SUM_DEBT_MEAN),30.0
DIFF(PREV_CHANNEL_TYPE_AP+ (Cash loan)_MEAN),29.8
PERCENTILE(PREV_NAME_CONTRACT_TYPE_Revolving loans_MEAN),29.6
ORGANIZATION_TYPE_Construction,29.4
CLOSED_MONTHS_BALANCE_SIZE_SUM,29.4
CUM_MEAN(CC_CNT_DRAWINGS_POS_CURRENT_SUM),29.0
CUM_MEAN(PREV_NAME_GOODS_CATEGORY_Furniture_MEAN),29.0
CUM_MEAN(ORGANIZATION_TYPE_Hotel),28.8
PERCENTILE(REFUSED_DAYS_DECISION_MAX),28.8
CUM_MEAN(CLOSED_AMT_ANNUITY_MAX),28.8
DIFF(REFUSED_AMT_CREDIT_MAX),28.6
DIFF(REFUSED_AMT_ANNUITY_MEAN),28.6
CUM_MEAN(DAYS_EMPLOYED),28.6
PERCENTILE(ACTIVE_DAYS_CREDIT_MIN),28.4
CUM_MEAN(ACTIVE_AMT_CREDIT_SUM_LIMIT_MEAN),28.4
CUM_MEAN(REFUSED_DAYS_DECISION_MEAN),28.4
REFUSED_AMT_CREDIT_MIN,28.4
CUM_MEAN(FLOORSMAX_MEDI),28.2
POS_NAME_CONTRACT_STATUS_Returned to the store_MEAN,28.0
REFUSED_AMT_ANNUITY_MAX,28.0
CUM_MEAN(CC_CNT_INSTALMENT_MATURE_CUM_MIN),28.0
CUM_MEAN(PREV_NAME_CASH_LOAN_PURPOSE_Medicine_MEAN),27.8
CUM_MEAN(BURO_DAYS_CREDIT_MAX),27.8
BURO_MONTHS_BALANCE_MIN_MIN,27.6
PERCENTILE(APPROVED_APP_CREDIT_PERC_MAX),27.6
CC_AMT_DRAWINGS_POS_CURRENT_SUM,27.6
WALLSMATERIAL_MODE_Panel,27.4
PERCENTILE(PREV_PRODUCT_COMBINATION_POS household with interest_MEAN),27.2
CUM_MEAN(PREV_WEEKDAY_APPR_PROCESS_START_TUESDAY_MEAN),27.2
CUM_MEAN(PREV_NAME_CASH_LOAN_PURPOSE_Everyday expenses_MEAN),26.8
REFUSED_DAYS_DECISION_MIN,26.4
CC_AMT_RECEIVABLE_PRINCIPAL_MEAN,26.4
CUM_MEAN(APPROVED_HOUR_APPR_PROCESS_START_MIN),26.4
APPROVED_AMT_APPLICATION_MAX,26.4
DIFF(POS_SK_DPD_DEF_MAX),26.2
CUM_MEAN(PREV_NAME_SELLER_INDUSTRY_Industry_MEAN),26.0
CUM_MEAN(PREV_NAME_CONTRACT_TYPE_Revolving loans_MEAN),26.0
DIFF(APPROVED_RATE_DOWN_PAYMENT_MIN),26.0
DIFF(CC_CNT_DRAWINGS_CURRENT_VAR),25.8
CUM_MEAN(CC_NAME_CONTRACT_STATUS_Signed_MIN),25.8
CUM_MEAN(ORGANIZATION_TYPE_Advertising),25.6
DIFF(CLOSED_AMT_CREDIT_MAX_OVERDUE_MEAN),25.6
CUM_MEAN(NAME_FAMILY_STATUS_Separated),25.4
CC_AMT_BALANCE_MEAN,25.0
POS_SK_DPD_DEF_MAX,25.0
CUM_MEAN(REFUSED_APP_CREDIT_PERC_MEAN),24.8
CUM_MEAN(CC_NAME_CONTRACT_STATUS_Active_VAR),24.8
DIFF(REFUSED_APP_CREDIT_PERC_MEAN),24.6
CUM_MEAN(AMT_REQ_CREDIT_BUREAU_WEEK),24.4
BURO_AMT_CREDIT_SUM_OVERDUE_MEAN,24.2
PREV_NAME_CLIENT_TYPE_Repeater_MEAN,24.2
APPROVED_AMT_APPLICATION_MEAN,24.0
CUM_MEAN(CC_MONTHS_BALANCE_MIN),23.6
DIFF(REFUSED_AMT_GOODS_PRICE_MEAN),23.6
PERCENTILE(PREV_CODE_REJECT_REASON_XAP_MEAN),23.6
CUM_MEAN(BURO_CREDIT_ACTIVE_Sold_MEAN),23.4
PERCENTILE(REFUSED_APP_CREDIT_PERC_MIN),23.4
DIFF(CC_CNT_DRAWINGS_POS_CURRENT_SUM),23.2
PERCENTILE(PREV_AMT_APPLICATION_MAX),23.2
REFUSED_APP_CREDIT_PERC_MEAN,23.2
CC_CNT_DRAWINGS_ATM_CURRENT_SUM,23.0
DIFF(CC_AMT_RECIVABLE_MAX),23.0
CUM_MEAN(CC_NAME_CONTRACT_STATUS_Completed_MIN),22.8
DIFF(REFUSED_AMT_APPLICATION_MIN),22.8
BURO_CREDIT_ACTIVE_Closed_MEAN,22.6
CUM_MEAN(ENTRANCES_AVG),22.6
APPROVED_HOUR_APPR_PROCESS_START_MIN,22.4
CC_AMT_PAYMENT_TOTAL_CURRENT_SUM,22.4
DIFF(CC_AMT_RECEIVABLE_PRINCIPAL_VAR),22.4
CLOSED_AMT_CREDIT_SUM_DEBT_MAX,22.4
REFUSED_AMT_GOODS_PRICE_MAX,22.2
PERCENTILE(REFUSED_HOUR_APPR_PROCESS_START_MIN),22.2
DIFF(CC_AMT_INST_MIN_REGULARITY_VAR),22.0
DIFF(CC_AMT_BALANCE_MIN),21.8
PERCENTILE(CC_MONTHS_BALANCE_MEAN),21.8
DIFF(CC_AMT_BALANCE_MEAN),21.8
CC_AMT_PAYMENT_TOTAL_CURRENT_MEAN,21.8
CUM_MEAN(PREV_NAME_GOODS_CATEGORY_Photo / Cinema Equipment_MEAN),21.6
PERCENTILE(APPROVED_AMT_GOODS_PRICE_MAX),21.4
CUM_MEAN(CC_NAME_CONTRACT_STATUS_Active_SUM),21.4
BURO_AMT_CREDIT_SUM_DEBT_MAX,21.4
DIFF(CC_AMT_DRAWINGS_CURRENT_VAR),21.4
CUM_MEAN(PREV_NAME_TYPE_SUITE_Family_MEAN),21.2
PREV_NAME_PAYMENT_TYPE_Cash through the bank_MEAN,21.0
DIFF(CC_AMT_RECIVABLE_MIN),20.8
CUM_MEAN(ORGANIZATION_TYPE_Emergency),20.8
DIFF(CLOSED_AMT_CREDIT_SUM_DEBT_MEAN),20.4
CUM_MEAN(POS_COUNT),20.4
ACTIVE_MONTHS_BALANCE_SIZE_SUM,20.4
PERCENTILE(NAME_EDUCATION_TYPE_Higher education),20.4
PERCENTILE(APPROVED_AMT_APPLICATION_MEAN),20.2
PREV_NAME_CONTRACT_STATUS_Approved_MEAN,20.0
REFUSED_CNT_PAYMENT_MEAN,19.4
PERCENTILE(CC_AMT_DRAWINGS_CURRENT_MAX),19.4
DIFF(CC_AMT_DRAWINGS_CURRENT_SUM),19.2
APPROVED_HOUR_APPR_PROCESS_START_MAX,19.0
PREV_NAME_PORTFOLIO_Cards_MEAN,19.0
PERCENTILE(BURO_AMT_CREDIT_SUM_DEBT_MAX),18.8
CC_AMT_RECIVABLE_MEAN,18.8
CUM_MEAN(PREV_NAME_TYPE_SUITE_Other_B_MEAN),18.4
CUM_MEAN(CC_SK_DPD_DEF_SUM),18.4
ORGANIZATION_TYPE_Military,18.4
DIFF(ORGANIZATION_TYPE_Military),18.4
APPROVED_RATE_DOWN_PAYMENT_MIN,18.4
CLOSED_AMT_CREDIT_MAX_OVERDUE_MEAN,18.2
PERCENTILE(REFUSED_AMT_CREDIT_MIN),18.2
PERCENTILE(ACTIVE_AMT_CREDIT_SUM_OVERDUE_MEAN),18.2
REFUSED_APP_CREDIT_PERC_MIN,18.0
CUM_MEAN(CC_MONTHS_BALANCE_VAR),17.8
PREV_NAME_CASH_LOAN_PURPOSE_XAP_MEAN,17.8
PREV_NAME_PAYMENT_TYPE_XNA_MEAN,17.8
DIFF(ORGANIZATION_TYPE_Bank),17.8
CUM_MEAN(CC_AMT_PAYMENT_CURRENT_SUM),17.8
REFUSED_AMT_APPLICATION_MIN,17.6
PREV_CODE_REJECT_REASON_XAP_MEAN,17.4
BURO_CREDIT_ACTIVE_Active_MEAN,17.2
CC_CNT_DRAWINGS_CURRENT_MAX,17.0
PREV_AMT_GOODS_PRICE_MAX,17.0
PERCENTILE(CC_MONTHS_BALANCE_VAR),17.0
OCCUPATION_TYPE_Laborers,17.0
DIFF(CC_AMT_RECEIVABLE_PRINCIPAL_MEAN),16.8
CC_AMT_CREDIT_LIMIT_ACTUAL_VAR,16.8
CUM_MEAN(CC_SK_DPD_DEF_MEAN),16.8
PERCENTILE(NAME_INCOME_TYPE_Working),16.8
PREV_CODE_REJECT_REASON_LIMIT_MEAN,16.8
PREV_PRODUCT_COMBINATION_Cash_MEAN,16.8
DIFF(DEF_60_CNT_SOCIAL_CIRCLE),16.6
PERCENTILE(PREV_CODE_REJECT_REASON_HC_MEAN),16.6
DIFF(CC_CNT_DRAWINGS_CURRENT_SUM),16.4
REFUSED_AMT_APPLICATION_MAX,16.4
CUM_MEAN(CC_MONTHS_BALANCE_SUM),16.2
PERCENTILE(OCCUPATION_TYPE_Laborers),16.2
DIFF(BURO_AMT_CREDIT_SUM_OVERDUE_MEAN),16.2
DIFF(ACTIVE_MONTHS_BALANCE_MAX_MAX),16.2
CC_CNT_INSTALMENT_MATURE_CUM_SUM,16.2
DIFF(REGION_RATING_CLIENT_W_CITY),16.0
REGION_RATING_CLIENT,15.8
CUM_MEAN(ACTIVE_AMT_CREDIT_SUM_SUM),15.8
CC_AMT_INST_MIN_REGULARITY_SUM,15.2
PERCENTILE(REFUSED_AMT_GOODS_PRICE_MIN),15.0
CUM_MEAN(CC_CNT_INSTALMENT_MATURE_CUM_MEAN),15.0
DIFF(PREV_NAME_GOODS_CATEGORY_Construction Materials_MEAN),15.0
CUM_MEAN(CC_AMT_DRAWINGS_ATM_CURRENT_SUM),15.0
REFUSED_CNT_PAYMENT_SUM,14.6
CUM_MEAN(CC_CNT_DRAWINGS_CURRENT_MAX),14.6
PERCENTILE(CC_AMT_RECIVABLE_MEAN),14.6
CC_AMT_DRAWINGS_CURRENT_VAR,14.6
DIFF(NAME_INCOME_TYPE_Working),14.4
DIFF(CC_AMT_INST_MIN_REGULARITY_MEAN),14.4
CUM_MEAN(ACTIVE_AMT_CREDIT_SUM_MEAN),14.2
DEF_60_CNT_SOCIAL_CIRCLE,14.2
PREV_PRODUCT_COMBINATION_POS industry with interest_MEAN,14.2
PERCENTILE(CC_AMT_PAYMENT_TOTAL_CURRENT_SUM),14.0
PERCENTILE(PREV_PRODUCT_COMBINATION_POS mobile with interest_MEAN),14.0
PERCENTILE(CC_AMT_BALANCE_MIN),13.8
CC_AMT_INST_MIN_REGULARITY_VAR,13.8
PERCENTILE(REFUSED_AMT_APPLICATION_MEAN),13.6
DIFF(ACTIVE_AMT_CREDIT_SUM_OVERDUE_MEAN),13.4
CUM_MEAN(CC_CNT_INSTALMENT_MATURE_CUM_SUM),13.2
PERCENTILE(PREV_CHANNEL_TYPE_AP+ (Cash loan)_MEAN),13.0
PERCENTILE(CC_AMT_PAYMENT_TOTAL_CURRENT_MAX),13.0
CC_AMT_PAYMENT_TOTAL_CURRENT_VAR,12.6
PERCENTILE(CC_AMT_INST_MIN_REGULARITY_VAR),12.6
PERCENTILE(REFUSED_APP_CREDIT_PERC_MEAN),12.4
PERCENTILE(CC_AMT_BALANCE_VAR),12.4
CC_AMT_BALANCE_MAX,12.4
PERCENTILE(CC_AMT_DRAWINGS_CURRENT_VAR),12.2
CUM_MEAN(CC_NAME_CONTRACT_STATUS_Refused_MEAN),12.2
CC_AMT_BALANCE_VAR,12.0
APPROVED_AMT_GOODS_PRICE_MAX,11.8
REFUSED_AMT_GOODS_PRICE_MIN,11.2
NAME_FAMILY_STATUS_Single / not married,11.0
PREV_PRODUCT_COMBINATION_POS household with interest_MEAN,10.8
PREV_NAME_GOODS_CATEGORY_Mobile_MEAN,10.4
PREV_CODE_REJECT_REASON_SCOFR_MEAN,10.4
CLOSED_AMT_CREDIT_SUM_DEBT_MEAN,10.4
DIFF(ORGANIZATION_TYPE_Medicine),10.2
FLOORSMAX_MODE,10.2
DIFF(CC_AMT_RECIVABLE_MEAN),10.2
DIFF(OCCUPATION_TYPE_Low-skill Laborers),10.0
CC_AMT_INST_MIN_REGULARITY_MEAN,10.0
CC_AMT_INST_MIN_REGULARITY_MAX,10.0
POS_NAME_CONTRACT_STATUS_Signed_MEAN,9.8
REFUSED_HOUR_APPR_PROCESS_START_MIN,9.8
PERCENTILE(PREV_AMT_GOODS_PRICE_MAX),9.6
PERCENTILE(OCCUPATION_TYPE_Sales staff),9.6
CUM_MEAN(ACTIVE_AMT_CREDIT_SUM_MAX),9.4
PERCENTILE(CC_AMT_PAYMENT_TOTAL_CURRENT_VAR),9.2
OCCUPATION_TYPE_Core staff,9.2
BURO_STATUS_1_MEAN_MEAN,9.0
BURO_CREDIT_ACTIVE_Sold_MEAN,9.0
CUM_MEAN(CC_AMT_DRAWINGS_CURRENT_SUM),9.0
CUM_MEAN(CC_AMT_RECIVABLE_SUM),8.8
CC_AMT_PAYMENT_TOTAL_CURRENT_MAX,8.6
CC_AMT_RECIVABLE_MAX,8.6
PREV_NAME_CONTRACT_TYPE_Revolving loans_MEAN,8.2
CC_AMT_RECEIVABLE_PRINCIPAL_MAX,8.2
CC_AMT_RECIVABLE_MIN,7.8
CC_MONTHS_BALANCE_MIN,7.6
DIFF(CODE_GENDER),7.6
CC_AMT_BALANCE_MIN,7.6
CC_AMT_RECEIVABLE_PRINCIPAL_VAR,7.6
CC_AMT_BALANCE_SUM,7.6
PERCENTILE(EMERGENCYSTATE_MODE_No),7.4
DIFF(NAME_INCOME_TYPE_Pensioner),7.4
PREV_CODE_REJECT_REASON_HC_MEAN,7.4
CC_AMT_TOTAL_RECEIVABLE_MAX,7.2
PREV_CHANNEL_TYPE_AP+ (Cash loan)_MEAN,7.2
DIFF(NAME_EDUCATION_TYPE_Higher education),7.0
PERCENTILE(CC_AMT_BALANCE_SUM),7.0
PERCENTILE(BURO_STATUS_1_MEAN_MEAN),6.8
PERCENTILE(HOUSETYPE_MODE_block of flats),6.8
DIFF(CC_AMT_TOTAL_RECEIVABLE_MAX),6.8
PERCENTILE(CC_AMT_RECIVABLE_MAX),6.6
DIFF(PREV_NAME_CASH_LOAN_PURPOSE_Other_MEAN),6.6
DIFF(OCCUPATION_TYPE_Laborers),6.6
DIFF(ORGANIZATION_TYPE_Kindergarten),6.6
CC_SK_DPD_DEF_SUM,6.4
PERCENTILE(CC_AMT_RECIVABLE_VAR),6.0
DIFF(PREV_FLAG_LAST_APPL_PER_CONTRACT_Y_MEAN),5.8
PREV_NAME_CASH_LOAN_PURPOSE_Car repairs_MEAN,5.6
PERCENTILE(CC_AMT_RECEIVABLE_PRINCIPAL_VAR),5.4
CC_AMT_RECIVABLE_VAR,5.4
CUM_MEAN(CC_AMT_TOTAL_RECEIVABLE_SUM),5.4
DIFF(ORGANIZATION_TYPE_Construction),5.2
ACTIVE_AMT_CREDIT_SUM_OVERDUE_MEAN,5.0
PREV_PRODUCT_COMBINATION_POS mobile with interest_MEAN,5.0
OCCUPATION_TYPE_Sales staff,5.0
EMERGENCYSTATE_MODE_No,4.6
DIFF(ORGANIZATION_TYPE_Government),4.4
PREV_CODE_REJECT_REASON_VERIF_MEAN,4.4
DIFF(NAME_TYPE_SUITE_Other_B),4.2
PERCENTILE(PREV_NAME_CASH_LOAN_PURPOSE_Repairs_MEAN),3.8
PERCENTILE(CC_AMT_TOTAL_RECEIVABLE_MEAN),3.4
DIFF(CC_NAME_CONTRACT_STATUS_Completed_VAR),3.4
CC_AMT_RECEIVABLE_PRINCIPAL_MIN,3.4
NAME_HOUSING_TYPE_With parents,3.2
PREV_NAME_CASH_LOAN_PURPOSE_Urgent needs_MEAN,2.8
PREV_NAME_CASH_LOAN_PURPOSE_Other_MEAN,2.6
HOUSETYPE_MODE_block of flats,2.6
PREV_NAME_CASH_LOAN_PURPOSE_Repairs_MEAN,2.6
PERCENTILE(CC_AMT_RECEIVABLE_PRINCIPAL_MIN),2.4
CC_SK_DPD_MAX,2.4
CC_AMT_TOTAL_RECEIVABLE_MEAN,2.4
NAME_FAMILY_STATUS_Civil marriage,2.2
PERCENTILE(PREV_NAME_CASH_LOAN_PURPOSE_Urgent needs_MEAN),2.2
DIFF(ACTIVE_CNT_CREDIT_PROLONG_SUM),1.6
PERCENTILE(PREV_NAME_GOODS_CATEGORY_Jewelry_MEAN),1.4
DIFF(FLAG_DOCUMENT_3),1.4
DIFF(CC_AMT_TOTAL_RECEIVABLE_MIN),1.4
DIFF(ORGANIZATION_TYPE_Hotel),1.0
PREV_NAME_CONTRACT_TYPE_XNA_MEAN,0.0
DIFF(BURO_CREDIT_CURRENCY_currency 2_MEAN),0.0
DIFF(BURO_CREDIT_DAY_OVERDUE_MEAN),0.0
DIFF(PREV_NAME_GOODS_CATEGORY_Tourism_MEAN),0.0
PERCENTILE(PREV_CODE_REJECT_REASON_XNA_MEAN),0.0
PREV_NAME_GOODS_CATEGORY_Office Appliances_MEAN,0.0
PREV_NAME_CASH_LOAN_PURPOSE_Buying a holiday home / land_MEAN,0.0
DIFF(PREV_NAME_CASH_LOAN_PURPOSE_Buying a holiday home / land_MEAN),0.0
DIFF(PREV_NAME_CASH_LOAN_PURPOSE_Building a house or an annex_MEAN),0.0
ACTIVE_MONTHS_BALANCE_MAX_MAX,0.0
PREV_NAME_CASH_LOAN_PURPOSE_Building a house or an annex_MEAN,0.0
OCCUPATION_TYPE_Low-skill Laborers,0.0
